obscuren,2960
vbuterin,7
Vitalik Buterin,27
Stephan Tual,1
Joey Zhou,6
Geff Obscura,1
Ramesh Nair,4
Jeffrey Wilcke,990
Sam Boyer,4
Gav Wood,44
James Cunningham,2
Jarrad Hope,5
Maxime Quandalle,1
Maran,219
Cayman Nava,3
zelig,347
Alex Cabrera,1
Carl Allendorph,2
Casey Kuhlman,1
Chen Houwu,4
Ben Kirwin,2
Nick Savers,2
Heiko Heiko,5
ethers,14
Ethan Buchman,11
romanman,3
JoeG,5
Joseph Goulden,1
Christoph Jentzsch,81
nicksavers,1
Felix Lange,1420
caktux,9
Erez Wanderman,1
Thibauld Favre,1
wanderer,26
martin becze,17
Marek Kotewicz,212
Making GitHub Delicious.,1
Viktor Trón,30
Corey Farwell,5
Taylor Gerring,569
Marian OANCΞA,7
Marian Oancea,25
Eric Robitaille,6
alon muroch,2
CJentzsch,145
Gustav Simonsson,160
Paweł Bylica,37
Lefteris Karapetsas,5
sveneh,12
aaron,1
winsvega,13
arkpar,2
Alexandre Van de Sande,28
Fabian Vogelsteller,2
Matthew Wampler-Doty,5
=,1
Fefe,2
zsfelfoldi,42
aperseghin,3
Kobi Gurkan,9
Bas van Kervel,204
Péter Szilágyi,2652
ligi,31
Andy,6
Noel Maersk,1
Daniel A. Nagy,10
subtly,3
Jason Carver,7
SilentCicero,5
Nick Dodson,5
unknown,1
Fynn,2
Pavol Rusnak,1
Steven Dee,1
Hector Chu,1
Jeff R. Allen,2
Drake Burroughs,1
Gustav-Simonsson,1
Peter Pratscher,1
Isidoro Ghezzi,1
Prasanna Pendse,1
Ricardo Catalinas Jiménez,12
Rémy Roy,3
Leif Jurvetson,4
Paulo L F Casaretto,1
Ales Katona,1
Nicholas Johnson,1
Changhoon Lee,1
Fabio Berger,2
Gianfranco Cecconi,1
Obulapathi N Challa,1
Thomas Bocek,3
Tosh Camille,1
Yoichi Hirai,2
Justin Clark-Casey,1
Yohann LEON,1
Try Space,1
Henning Diedrich,1
villesundell,1
Matthew Di Ferrante,3
Firescar96,1
Nick Johnson,41
yep,3
bas-vk,18
Luke Yeager,1
cdetrio,7
Jordan Cohen,1
Hellsegga,1
Stein Dekker,1
☃ Elliot Shepherd,1
gregg dourgarian,1
ΞTHΞЯSPHΞЯΞ,1
sandakersmann,2
ken10100147,1
Jonathan Brown,1
aron,2
Martin Holst Swende,712
Benjamin Brent,1
Hao Bryan Cheng,1
Steven Roose,8
gluk256,38
Kenji Siu,3
RJ,2
Zsolt Felfoldi,32
xiekeyang,1
FrankWang,1
Aron Fischer,4
Felföldi Zsolt,108
Luca Zeug,1
VoR0220,1
Valentin Wüstholz,5
Guillaume NICOLAS,1
Victor Farazdagi,3
tbocek,1
Vivek Anand,1
nolash,1
Shintaro Kaneko,2
Brian Schroeder,1
Diego Siqueira,1
Maksim,1
Zahoor Mohamed,4
tranvictor,1
Jamie Pitts,2
Aaron Hnatiw,1
Micah Zoltu,1
Steve Waldman,1
holisticode,33
Yohann Leon,1
Lewis Marshall,17
gary rong,229
Louis Holbrook,1
Justin,1
nicky g,1
Vlad,15
Koustubh Sinkar,1
Ali Hajimirza,1
Dave Conroy,1
Nicolas Guillaume,2
Or Rikon,1
changhong,1
Ali92hm,2
FaceHo,1
bailantaotao,1
Konrad Feldmeier,1
S. Matthew English,1
mark.lin,5
Alan Chen,1
necaremus,1
Jim McDonald,10
Maximilian Meister,4
G. Kay Lee,1
Aron,1
bloonfield,1
Addy Yeow,1
RJ Catalano,2
Emin Mahrt,1
Daniel Sloof,1
Dexaran,5
Elias Naur,1
Chase Wright,2
Leo Shklovskii,1
Petr Mikusek,1
am2rican5,1
Mark,6
Lee Hyeon,1
njupt-moon,1
akiva,1
evgk,1
detailyang,1
Agustin Armellini Fischer,1
Egon Elbre,19
Ivan Daniluk,4
Joel Burget,1
rjl493456442,196
Miya Chen,2
gurrpi,1
Noman,1
George Angel,1
Bo Ye,1
Ti Zhou,1
nkbai,2
Oli Bye,1
Pawan Singh Pal,1
Fiisio,2
Benoit Verkindt,3
Kyuntae Ethan Kim,4
Dave Appleton,1
Davor Kapsa,1
Paul Litvak,2
Ernesto del Toro,2
Derek Chiang,2
slumber1122,1
ayeowch,1
Lio李欧,1
Darrel Herbst,3
Guillaume Ballet,196
Jia Chenhui,4
terasum,1
Yondon Fu,4
Sumit Sarin,1
baizhenxuan,1
Anton Markelov,1
ferhat elmas,10
Eugene Valeyev,4
Evgeny Danilenko,2
b00ris,7
Dan Melton,1
Fabio Barone,1
Alex Beregszaszi,9
Robert Zaremba,9
Arba Sasmoyo,1
Bo,1
Jay Guo,1
Kurkó Mihály,19
jtakalai,1
Anton Evangelatov,95
Armani Ferrante,1
tsarpaul,1
Martin Michlmayr,2
Pulyak Viktor,1
Zoe Nolan,2
Ricardo Domingos,3
Zach,3
Janos Guljas,27
Rob,1
Sorin Neacsu,4
Airead,1
Alejandro Isaza,1
Michael Ruminer,1
yoza,1
Vitaly V,1
rhaps107,1
George Ornbo,2
Armin,1
Janoš Guljaš,54
Armin Braun,2
Dmitry Shulyak,4
Bob Glickstein,1
lash,27
croath,3
sunxiaojun2014,1
Alex Wu,1
Deepak Sharma,1
Richard Hart,1
Furkan KAMACI,1
Evangelos Pappas,2
Russ Cox,1
Jean-André Santoni,1
Magicking,1
waymobetta,1
Miguel Mota,1
Afri Schoedon,1
Ev,2
GuiltyMorishita,1
cooganb,2
steve greensill,1
Pedro Pombeiro,2
Nilesh Trivedi,2
Balint Gabor,7
Domino Valdano,6
JU HYEONG PARK,1
Andrey Petrov,9
Saulius Grigaitis,1
Elad Nachmias,2
Mark Rushakoff,1
Zhenguo Niu,4
protolambda,5
Javier Peletier,26
cui,25
Vlad Bokov,1
Jeffery Robert Walsh,2
hydai,6
stompesi,1
David Huie,2
Li Xuanji,1
Nguyen Sy Thanh Son,1
Yusup,1
Giovanni HoSang,1
Federico Gimenez,1
dm4,3
DoubleWoodH,1
Ivo Georgiev,1
Elad_,1
cpusoft,1
Ryan Schneider,18
thomasmodeneis,1
Wuxiang,4
Lorenzo Manacorda,1
Fabian Raetz,2
Vie,4
kimmylin,2
Martin Klepsch,1
xincaosu,2
Eli,4
timothy,1
Crispin Flowerday,1
kiel barry,22
GagziW,5
YH-Zhou,1
Erichin,1
Guilherme Salgado,1
Andrea Franz,3
hadv,4
Abel Nieto,2
Wenbiao Zheng,32
Mohanson,3
Smilenator,3
Antonio Salazar Cardozo,2
Elad,50
Bruno Škvorc,1
ledgerwatch,4
Sarlor,2
Clayton Jacobs,1
John C. Vernaleo,1
Caesar Chad,4
knarfeh,1
Jeremy Schlatter,10
williambannas,1
Husam Ibrahim,4
nobody,1
ethersphere,1
Adrià Cidre,1
hackyminer,2
kevin.xu,1
LeoLiao,4
Chen Quan,3
Zak Cole,1
Kwuaint,1
Felix Yan,1
Roc Yu,7
Ralph Caraveo III,1
jkcomment,1
cong,1
emile,1
Hyung-Kyu Hqueue Choi,3
Sheldon,6
Ian Macalinao,1
Vincent Serpoul,1
Osuke,1
Antoine Rondelet,3
a e r t h,1
Raghav Sood,1
Oleg Kovalov,3
Ha ĐANG,6
stormpang,1
Andrew Chiw,2
Attila Gazso,2
Giulio M,1
Mymskmkt,6
Jay,1
libotony,3
Yao Zengzeng,1
Jeff Prestes,2
Sasuke1964,1
Aditya,1
Pierre Neter,1
Geon Kim,2
Adam Babik,1
HAOYUatHZ,4
ult-bobonovski,1
Gísli Kristjánsson,1
dipingxian2,1
Richard Littauer,2
Diep Pham,1
TColl,1
chenyufeng,3
YaoZengzeng,1
EOS Classic,3
Liang ZOU,2
Emil,1
Samuel Marks,14
Peter Broadhurst,1
HackyMiner,10
Kevin,1
Ferenc Szabo,24
Payne,1
Paul Berg,3
Evgeny Danienko,1
Chi Kei Chan,1
Alpay Yildirim,1
HarryWu,1
CDsigma,1
thumb8432,1
reinerRubin,1
Alexey Sharov,2
Liang Ma,4
Philip Schlump,1
Grachev Mikhail,1
Evgeny,1
Dmitrij Koniajev,1
Simon Jentzsch,1
Johns Beharry,1
KimMachineGun,1
Corey Lin,10
Mark Vujevits,1
JoranHonig,1
tamirms,1
mr_franklin,13
Kenso Trabing,3
Łukasz Kurowski,1
Franklin,2
a-sklyarov,1
Enrique Fynn,2
Jaynti Kanani,1
ANOTHEL,2
zah,1
needkane,2
vim88,1
Marius Kjærstad,26
Vedhavyas Singareddi,1
Max Sistemich,1
Iskander (Alex) Sharipov,2
YOSHIDA Masanori,1
Shuai Qi,2
tzapu,1
qd-ethan,1
Adam Schmideg,11
yahtoo,1
weimumu,2
Jordan Krage,4
Jerzy Lasyk,2
Matt K,1
Martin Alex Philip Dawson,1
Rick,2
Dragan Milic,2
Dave McGregor,1
Sean,2
dragonvslinux,1
silence,1
Kris Shinn,1
Nalin Bhardwaj,1
Nimrod Gutman,1
benma,1
Gus,1
lhendre,1
Javier Sagredo,1
Rajdeep Singh,1
atsushi-ishibashi,1
Derek Gottfrid,1
Matthew Halpern,29
Kiel barry,1
Rafael Matias,5
Dan Kinsley,2
Hsien-Tang Kao,2
Nguyen Kien Trung,3
Marius van der Wijden,248
Shunsuke Watanabe,1
Jeremy McNevin,1
Kushagra Sharma,1
Jonas,1
Brent,1
Mats Julian Olsen,1
贺鹏飞,1
Ian Norden,2
William Setzer,1
Runchao Han,1
Steve Ruckdashel,2
Steve Gattuso,1
Maxim Krasilnikov,1
Hongbin Mao,1
유용환,1
C. Brown,1
PilkyuJung,1
manlio,1
Nikita Kryuchkov,1
Nikifor Seryakov,1
Vitaly Bogdanov,1
Ethan Heilman,1
Frank Szendzielarz,2
Giulio,1
Rob Mulholand,2
salanfe,1
zer0to0ne,1
jwasinger,42
David Chase,1
大彬,1
Christian Muehlhaeuser,3
Kitten King,1
wbt,2
Alexander van der Meij,1
Tyler Ferrara,1
Aleksey @soar Smyrnov,1
SjonHortensius,4
shiqinfeng1,1
Ben Holden-Crowther,1
Piotr Dyraga,2
lmittmann,9
alexwang,1
Flash Sheridan,2
soc1c,1
Lucas Hendren,1
ywzqwwt,1
zcheng9,1
kikilass,1
Ross,1
Michael Forney,4
Jorropo,1
meowsbits,25
nebojsa94,2
meows,3
zaccoding,1
xinluyin,1
Charing,1
Jeff Wentworth,3
Ilan Gitter,1
Gerald Nash,1
Sylvain Laurent,1
Chris Pacia,1
Prince Sinha,1
Kumar Anirudha,1
me020523,1
Yole,1
wangxiang,1
Jonathan Gimeno,1
MichaelRiabzev-StarkWare,1
Zhou Zhiyao,1
tintin,1
Nick Ward,1
AmitBRD,2
chabashilah,1
Boqin Qin,13
Gregory Markou,2
Chris Chinchilla,1
rene,47
Ali Atiia,1
Alex Willmer,1
Hanjiang Yu,3
ucwong,113
Luke Champine,1
William Morriss,1
Raw Pong Ghmoa,2
Nishant Das,3
icodezjb,1
tgyKomgo,1
Steven E. Harris,2
Julian Y,2
ploui,1
AusIV,2
Hao Duan,4
Satpal,1
yutianwu,1
Richard Patel,1
sixdays,2
Greg Colvin,1
chenglin,1
kilic,1
Mariano Cortesi,1
libby kent,1
Pau,1
Natsu Kagami,3
Yang Hau,1
zhangsoledad,1
Binacs,3
chris-j-h,2
Tien,1
Nikola Madjarevic,1
Sammy Libre,1
villanuevawill,1
6543,1
Hendrik Hofstadt,1
timcooijmans,2
Giuseppe Bertone,5
Shude Li,10
Fuyang Deng,1
Osoro Bironga,2
Dan Sosedoff,1
Julian Koh,1
Kirill Elagin,1
Mason Fischer,1
Vinod Damle,1
aaronbuchwald,38
shigeyuki azuchi,1
hwanjo,1
Kristofer Peterson,2
James Prestwich,4
Slava Karpenko,1
Nicolas Feignon,2
Pascal Dierich,2
Sad Pencil,1
Preston Van Loon,2
Abd ar-Rahman Hamidi,1
LieutenantRoger,1
Alex Prut,3
Antoine Toulme,2
Chris Ziogas,9
"Li, Cheng",1
lzhfromustc,1
Mudit Gupta,2
Mr-Leshiy,2
Connor Stein,1
Shiming,1
Timo Tijhof,1
Sina Mahmoodi,108
Suriyaa Sundararuban,6
jk-jeongkyun,2
yumiel yoomee1313,1
Melvin Junhee Woo,3
Dan DeGreef,1
Alex Mazalov,2
Łukasz Zimnoch,1
isdyaufh8o7cq,1
Or Neeman,1
lightclient,75
michael1011,1
wuff1996,1
Martin Redmond,1
jacksoom,1
Quest Henkart,1
Tobias Hildebrandt,1
MrChico,1
Zou Guangxian,1
Edgar Aroutiounian,1
piersy,2
Peter Simard,1
Evolution404,10
Balaji Shetty Pachai,1
xD AKA Rapper King Of cn background diablo & revelations,1
ryanc414,1
Gautam Botrel,1
Diederik Loerakker,2
Ceelog,1
Shane Bammel,1
Fire Man,1
Eugene Lepeico,1
Mike Burr,1
Mathijs de Bruin,1
Paul-Armand Verhaegen,1
Oliver Tale-Yazdi,2
Afanasii Kurakin,1
Sachin Kumar Singh,1
Nye Liu,1
williamberman,1
haryu703,1
Li Dongwei,1
ForLina,1
Pierre R,1
Ahyun,1
@edgararout,1
baptiste-b-pegasys,7
Patrick O'Grady,2
Shihao Xia,2
shawn,1
Zachinquarantine,19
Ziyuan Zhong,2
Tyler Chambers,1
陈佳,1
chuwt,3
Pedro Gomes,1
Ivan Bogatyy,1
Dmitry Zenovich,1
Fredrik Svantes,2
Ikko Ashimine,10
Alexander Yastrebov,1
Jonathan Verhees,1
Pete,1
Thad Guidry,1
Yihau Chen,1
Ferran Borreguero,2
hsyodyssey,2
Miro,2
Aditya Arora,1
z89,1
noam-alchemy,1
Maxim Zhiburt,1
Kawashima,1
Harry Dutton,1
KibGzr,1
"XuDon9 Liu AKA Rapper Of CN background diablo & revelations, a man optimistic, negative, silent, active, Taoism",1
Sparty,1
Lee Bousfield,4
Ziyuan Zhong(仲梓源),1
Andrei Maiboroda,6
Ward Bradt,1
Joshua Colvin,1
Jesse Tane,1
courtier,1
Anatole,1
Serhat Şevki Dinçer,1
divergencetech,1
Taeik Lim,1
nala,1
Arvid Hast,1
jovijovi,1
Roman Mazalov,1
xwjack,1
fomotrader,1
Alexey Shekhirin,2
zgfzgf,2
Water,1
peter cresswell,1
Gary Rong,5
Sam,1
Dmitriy Fishman,1
sanskarkhare,1
rangzen,1
Darioush Jalali,20
xq840622,1
Greg Myers,1
Pantelis Peslis,1
Mikhail Mikheev,1
Denver,2
Di Peng,1
David Cai,1
zhiqiangxu,21
Valentin Trinqué,1
Brandon Harden,1
komika,1
b1ackd0t,1
Guruprasad Kamath,5
Yash Atwal,1
s7v7nislands,33
uji,3
Daniel Perez,1
Olivier H,1
Ceyhun Onur,3
Justus,1
Qian Bin,3
沉风,1
Guifel,1
Jonathan Chappelow,1
alvaroahp11,1
Zhang Zhuo,2
flowerofdream,1
Nic Jansma,1
John Adler,1
Tatsuya Shimoda,1
Tbnoapi,1
Tangui Clairet,1
Eng Zer Jun,1
Vaibhaw,1
JoeGruffins,1
Enrique Ortiz,1
Emmanuel T Odeke,1
Koosha K,1
Nikita Kozhemyakin,1
henopied,1
John Difool,1
tia-99,1
Joshua Gutow,1
hero5512,5
nujabes403,1
EXEC,3
Evgeny Kolyakov,1
milesvant,1
ImanSharaf,1
Mateusz Morusiewicz,1
Rachel Franks,1
||= nil,1
Felipe Strozberg,1
Håvard Anda Estensen,12
Afr Schoe,1
zhaochonghe,1
Eduard S,1
Harry Kalodner,1
Boqin Qin(秦 伯钦),1
Ivan Kuznetsov,1
Jonathan Le Brun,1
lwh,1
Seungbae.yu,8
Rajaram Gaunker,1
henridf,2
int88,4
Luozhu,1
Gustavo Silva,1
Ivan Aracki,1
Kosuke Taniguchi,1
lightclient@protonmail.com,1
willian.eth,2
zeim839,1
Ruohui Wang,1
Andre Patta,1
スパイク,1
Brion,1
Philip Fan,1
Jens W,2
Nikhil Suri,1
Abirdcfly,3
Eval EXEC,1
Delweng,81
Seungbae Yu,16
Rithwik Babu,1
Henry,1
Manoj Kumar,1
Tristan-Wilson,1
yong,1
ycyraum,2
0xe3b0c4,1
Justin Traglia,7
xinbenlv,1
Rachel Bousfield,1
Jakub Freebit,5
xternet,1
Amir Hossein,2
Nicholas,1
Benjamin Prosnitz,1
Nicolas Gotchac,3
pinkiebell,1
George Carder,1
makcandrov,2
Boqin@MetaSecureLabs,1
Sebastian Stammler,3
omahs,1
Leon,1
Janko Simonovic,1
TY,1
Mikhail Vazhnov,1
jin,3
Paul,2
vdwijden,1
Sebastian Supreme,1
Roberto Bayardo,9
Joseph Cook,4
Obtuse7772,1
Saman H. Pasha,1
Marcin Sobczak,1
Mark Tyneway,2
Ahmet Avci,1
yihuang,1
Jolly Zhao,1
storyicon,1
therainisme,1
kumavis,1
6xiaowu9,1
Wihan de Beer,1
setunapo,1
RichΛrd,1
Oskar Haarklou Veileborg,1
qiuhaohao,1
Michael de Hoog,1
Alex Stokes,1
Ha DANG,3
strykerin,1
Mario Vega,9
Andrew Ashikhmin,1
David Hwang,1
Ikko Eltociear Ashimine,1
meehow,1
Nicola Cocchiaro,1
Pascal Marco Caversaccio,1
Mio,1
delihiros,1
raulk,1
halilylm,1
Roman Krasiuk,1
Sungwoo Kim,1
Yier,1
Nate Armstrong,1
Dan Cline,1
Peter (bitfly),1
turboboost55,2
Adrian Sutton,6
Daniel Fernandes,1
xiyang,2
panicalways,1
Stephen Flynn,1
Jonathan Otto,1
norwnd,1
David Murdoch,1
openex,1
sudeep,1
joohhnnn,4
Exca-DK,5
Parithosh Jayanthi,1
noel,1
Taeguk Kwon,2
Anusha,1
Stephen Guo,4
chirag-bgh,1
David Dzhalaev,1
sjlee1125,1
oseau,1
John Chase,6
Alex Mylonas,1
Chawin Aiemvaravutigul,1
minh-bq,2
Park Changwan,1
Daniel Katzan,1
Paul Lange,2
KAI,1
mmsqe,1
Freeman Jiang,1
Sanghee Choi,4
cui fliter,3
Dan Laine,11
Koichi Shiraishi,1
Francisco de Borja Aranda Castillejo,1
puhtaytow,1
Curith,1
Charles Cooper,1
Mskxn,1
Ömer Faruk Irmak,2
Yurie,1
Pierre Grimaud,1
Zig Blathazar,1
Christopher Harrison,1
Amin Talebi,1
dependabot[bot],2
imulmat4,1
DongXi Huang,1
lonika,1
Joe Netti,1
shuo,1
Guido Vranken,1
CrashOverride,1
Jorge,1
Bala Murali Krishna Komatireddy,1
cam-schultz,1
phenix3443,6
bnovil,2
tokikuch,1
buddho,7
Andryanau Kanstantsin,1
hzysvilla,1
0xbstn,4
tylerni7,1
Chirag Garg,1
hyunchel,5
tactical_retreat,1
Brandon Liu,4
vuittont60,3
xiaolou86,1
Kero,2
kevaundray,1
Inphi,1
kaliubuntu0206,1
moomin,1
Alvaro Sevilla,1
Wei Tang,1
VM,1
Zoro,2
aliening,1
Halimao,8
danceratopz,1
levisyin,3
jp-imx,1
Haotian,6
Maciej Kulawik,3
Mikel Cortes,1
Ng Wei Han,6
Shivam Sandbhor,1
BorkBorked,2
ddl,3
Manav Darji,1
Martin HS,52
Ford,1
Ursulafe,1
Elias Rad,1
FletcherMan,1
alex,5
wangyifan,1
cygaar,1
Rossen Krastev,1
drstevenbrule,2
牛晓婕,2
Alfie John,1
Thabokani,1
colin,6
trocher,1
KeienWang,2
zoereco,2
Dimitris Apostolou,1
Peter Straus,1
maskpp,16
Lindlof,1
bk,1
ArtificialPB,1
Qt,1
Justin Dhillon,2
Andrei Silviu Dragnea,2
yzb,3
Undefinedor,4
psogv0308,2
Devon Bear,2
Tom,1
Andrei Kostakov,1
cuinix,1
hyhnet,1
guangwu,2
San Ye,1
Bin,4
Shiming Zhang,1
Aaron Chen,21
Sina M,9
John Xu,1
shivhg,1
SanYe,1
bitcoin-lightning,1
Tien Nguyen,1
miles,2
georgehao,2
imalasong,2
George Ma,1
Nathan,4
deterclosed,1
Matthieu Vachon,3
Pawan Dhananjay,1
crazeteam,1
carehabit,1
Miles Chen,1
seayyyy,1
Newt6611,1
forestkeeperio.eth,1
yudrywet,1
Marcus Baldassarre,1
law wang,1
persmor,1
ids,1
bugmaker9371,4
xiaodong,1
haoran,1
qcrao,1
yujinpark,2
Roy Crihfield,2
felipe,1
Kiarash Hajian,1
nand2,1
cocoyeal,2
Hteev Oli,4
0xbeny,1
cario-dev,1
Karl Bartel,1
Mobin Mohanan,2
gitglorythegreat,3
winterjihwan,1
Wukingbow,1
Steven Wang,3
trillo,2
lilasxie,2
PolyMa,1
hattizai,1
SuiYuan,2
tianyeyouyou,2
SangIlMo,1
Marquis Shanahan,2
Gealber Morales,3
kukuru909,1
TinyFoxy,1
jackyin,1
Dean Eigenmann,1
David Theodore,1
AMIR,1
winniehere,1
Aayush Rajasekaran,1
Nathan Jo,1
Danyal Prout,1
JeukHwang,1
Alexander Mint,1
