Tezos,1
Benjamin Canou,557
Grégoire Henry,1059
Arthur Breitman,7
Vincent Bernardoff,228
Çağdaş Bozman,4
arthur.breitman@gmail.com,4
Eitan Chatav,24
Damian,1
damian,7
Guillem Rieu,19
Pierre Chambart,97
Cagdas Bozman,4
OCamlPro-Iguernlala,29
Mohamed Iguernlala,3
Davide Gessa,1
Alain Mebsout,1621
Milo Davis,152
Wyatt Sullivan,2
Justin Carter,2
Fabrice Le Fessant,7
Bayle Shanks,1
Henrik Jonsson,1
Alex Coventry,3
Zhenya Roubinchtein,1
venator,1
GrÃ©goire Henry,7
Pietro Abate,256
jevonearth,3
Arthur B,19
GrÃÂ©goire Henry,2
Bruno B,6
Pietro,272
Danilo Bargen,1
Gabriel Alfour,30
Galfour,7
bruno,55
Bruno Bernardo,4
Marco Stronati,345
Vincent Botbol,213
Raphaël Proust,1844
Mathias Bourgoin,128
Jonathan,1
Fred Yankowski,1
michael,7
James Deikun,12
Rob Witoff,1
Pierre Boutillier,443
Quyen,2
vbotbol,1
Mathias,8
MBourgoin,50
Lý Kim Quyên,14
Chris Martin,1
dbornside,5
Thomas Gazagnaire,55
b,29
Guenther Starnberger,1
James Edwards,1
Daniel Smith,1
Jev Björsell,3
Michael Sproul,1
Scott Scites,1
Nicolas Pinto,1
Joachim Ansorg,5
Ryan Loomba,2
Thomas Blanc,2
utdrmac,1
Sebastien Mondet,179
lykimquyen,17
Victor Allombert,743
Alex Stokes,1
Philippe Bidinger,147
Raphael Cauderlier,2
Blindripper,11
Julien,3
Julien Tesson,386
Paul Laforgue,79
Georges Dupéron,4
jansorg,3
Jun FURUSE,12
Tom Jack,12
Eugen Zalinescu,794
phink,136
Philippe Wang,104
Dzmitryi Rudkouski,1
Jeremy Bae,1
astefano,2
Ivan Gromakovskii,2
Elliot Cameron,18
baugr,4
Adrian Brink,17
Raphaël Cauderlier,1208
Tomáš Zemanovič,224
rvem,1
Alfie John,1
Philippe B,6
p,5
RaphaÃ«l Proust,1
Dan Bornside,3
vbot,654
Danny,1
João Santos Reis,2
Lazaridis,1
Alexandre Esteves,2
Basile Pesin,1
Ilias Garnier,513
Keefer Taylor,2
Julien Rolland,6
Konstantin Ivanov,6
Romain Bardou,977
Arvid Jakobsson,1676
Mehdi Bouaziz,1972
Matthew Bauer,4
Seb Mondet,8
Lacramioara Astefanoaei,59
Jerome Chailloux,1
Ilias,4
Victor Dumitrescu,208
Clément Pascutto,3
Danny Willems,196
Johann,1
pasqu4le,6
Danny Grove,2
pietro,4
Sylvain Ribstein,804
François Thiré,850
Germán Delbianco,48
Oliver Simon,1
Yoichi Hirai,1
Mark Karpov,26
Colin González,11
Clément Hurlin,424
Richard Bonichon,195
Craig Ferguson,42
Haochen Xie,9
Yves Coriton,1
Jun Furuse,176
Jacquin Mininger,27
Ash,11
Guillaume Claret,127
Sylvain R,2
Chaim Lev-Ari,6
Rozovyk Artemiy,1
Vivien Pelletier,8
Moremi Vannak,1
Alvaro Garcia,4
Yann Regis-Gianas,539
Lucas Randazzo,549
Hai Nguyen Van,29
Daniel JEAN,4
Nic Volanschi,674
Steve Purcell,20
Kirill Elagin,1
Alexandre Doussot,17
Roman Melnikov,8
Romain,89
Charles DEHLINGER,1
Alvaro,21
Rodrigo Quelhas,2
bsall,85
Vivien,112
smelc,15
Julien Debon,88
Marcin Pastudzki,149
Ly Kim Quyen,2
Daniel Hines,32
Sventimir,123
ChiaChi Tsai,26
Thomas Letan,608
E. Rivas,1
icristescu,35
Roland C. Dowdeswell,1
Sophia Gold,57
Charles Dehlinger,4
Robin Bate Boerop,5
Antonio Locascio,272
marcbeunardeau,40
Etienne MARAIS,10
Valentin Chaboche,1351
EduardoRFS,4
yoshihiro503,1
Marge Bot,8941
Manas,3
Artemiy,4
David Feuer,2
Rémy El Sibaïe,215
Diane Gallois-Wong,452
Albin Coquereau,765
Peter Duchovni,5
Hoff,1
Pierrick Couderc,646
Ulrik Strid,10
prometheansacrifice,3
nraymond,106
Joel Bjornson,228
satos---jp,13
Anton Bachin,8
Fedor Sheremetyev,187
Hans Hoglund,41
Divesh Otwani,3
Meb,4
KOBAYASHI Kazuhiro,27
Matt Walker,12
Julien Coolen,250
Konstantinos Sideris,16
corneliuhoffman,3
Alex Krohg,1
Killian Delarue,584
mujx,14
Jamie @ Nomadic,2
Hugo Heuzard,365
Jérémie Goldberg,4
Alex Kuprienko,9
Eugene Mishura,7
Nicolas Ayache,430
satos,2
Bikal Gurung,1
Dimitris Apostolou,1
YY,10
Karrq,1
Boubacar Sall,3
iguerNL@Functori,935
David Turner,60
Zaynah Dargaye,31
Litchi Pi,17
David Dumas,56
zach,2
Frédéric Bour,1
G.B. Fefe,68
metanivek,7
Andrea Cerone,302
Richard Davison,148
xvw,8
Thomas Athorne,34
Ole Krüger,435
Timothée Cercueil,1
ngoguey42,7
Swann Moreau,17
G.-B. Fefe,1
Mohamed IGUERNLALA,3
Felipe Cardozo,7
Nathan Rebours,5
@sol.lederer,1
Fardale,2
Solomon Lederer,18
Mathieu Lirzin,1
Yoshihiro Imai,7
Emma Turner,246
daniel_nomadic,2
Nicolas Ochem,15
Thomas Pécseli,47
Bruno Deferrari,1
Nicolas BACQUEY,35
Ole Kruger,1
Corneliu Hoffman,43
Jules Viennot,4
taiseiKMC,56
sol.lederer,5
Tom Knudsen,1
Edwin Ansari,3
Ding Xiang Fei,11
Raphael Toledo,50
X,14
Shubham Kumar,1
Neo,27
Frej Soya,9
lin,293
pecornilleau,278
Ngoguey42,2
Ovidiu Deac,6
ovidiu deac,6
lykimq,225
Sota Sato,69
Rodi-Can Bozman,434
martintomazic,7
Zettez,5
Ryan Tan,98
Soham Chowdhury,1
Ilya Peresadin,50
Sébastien Palmer,9
Germán Andrés Delbianco,26
Pierre-Emmanuel CORNILLEAU,2
Martin Tomazic,140
Lin Oshitani,2
victor-dumitrescu,6
Gauthier SEBILLE,97
Pavlo Khrystenko,63
Nicolas Raymond,3
Corentin Méhat,1
ambrona,45
Pierre-Louis,113
Hantang Sun,69
Chris Pinnock,19
Anne-Laure,218
Gabriel Moise,197
Marina Polubelova,99
Miguel Ambrona,1
julien,35
Nikolay Yakimov,260
Sandeep.C.R,75
rodibozman,6
Bruno,1
Alistair O'Brien,1
pikatos,34
martoon,30
Diogo Castro,7
Julien Sagot,7
Felix Puscasu,109
Dmitry Mir,1
Maxime Levillain,20
arnaud,26
Antoine Lanco,21
Sylvain R.,2
Anastasia Courtney,11
Jason Ridgway-Taylor,1
Igor Matsak,2
Guillaume B.,7
Richard Ayotte,1
mattiasdrp,31
Luciano Freitas,60
Diana Savatina,15
saroupille,54
Maxim Kucherov,1
Guillaume Bau,6
Tim McMackin,1
AC,1
Michael Zaikin,17
mbourgoin,59
Stepan Naumov,1
adam,4
