Tomasz Kajetan Stańczak,942432
Tomasz K. Stanczak,1507883
Grzegorz Lesniakiewicz,62808
Greg Lesniakiewicz,12131
Tomasz Kajetan Stanczak,804819
Roy Langa,828
mulili,106
Piotr Gankiewicz,122604
Destiner,334
Timur Badretdinov,21233
Fox Reymann,9
Adam Spiers,119
Lazaridis,60
lazaridiscom,251
chidi onyema,927
foxreymann,44
Reimdal,163
root,0
Kasia Turbiarz,170
Frank Szendzielarz,869
matilote,8879
Mateusz J,1708
kkokosa,960
Krzysztof Chowanski,430
Lukasz Rozmej,258699
Markus Keil,14148
Mateusz Jędrzejewski,29439
Victor Naumik,1
Marius Kjærstad,4
1337,282
Szymon Kulec,5052
Sly Gryphon,124850
Lucas Cullen,80
github-actions[bot],39668
varasev,140
Simon Jentzsch,47
Micah Zoltu,657
Kenneth Cochran,3039
Eduardo Antuña Díez,20
ag,4
SebastianDremo,25978
annaszeszula,6
Rohit Gupta,4
Katarzyna Turbiarz,9793
Alexander Sadovskyi,220
Marek Moraczyński,180556
Robert Edström,59
tkstanczak,11221
marcindsobczak,1891
lukasz.rozmej,395
Marcin Sobczak,37836
Afr Schoe,16
Hubert Banaszewski,943
SaNNNNNNNN,2
Mauricio Perdomo,27
Bing Clo,6
Marcos Antonio Maceo,533
Miguel Tenorio,311
Kristof Gazso,23599
Daniel Celeda,34269
Bartosz Kreft,1541
swaraj18,14
Klaudia Jazgar,5623
Anna Jabłonowska,108
Kaushik Donthi,1571
1swaraj,157
Zachinquarantine,1134
natdurlik,327
sarah,1453
Dhruv Bodani,106
Brandon Holland,733
Harsh Mishra,41
Dave,5
Jared Doro,184
Jorge Arce-Garro,1258
Nick Kjolsing,8
Xas,108
Nikita Mescheryakov,51881
Jorge Mederos,35384
Tanishq Jasoria,20733
Falco,353
Amirul Ashraf,71877
Alexey,32174
shana,91
Lion - dapplion,8
Cody Born,2700
Joe Clapis,95
maszrum,23
Ruben Buniatyan,294022
smartprogrammer93,125
SeaMonkey82,2
Ahmad Bitar,104280
damian-orzechowski,797
Ayman Bouchareb,5395
Oleg Jakushkin,9052
Gavin Goodship,2
Kamil Chodoła,13460
Philippe Schommers,34
Martin Holst Swende,29
Ben Adams,58265
Wesley,4
Damian Orzechowski,1021
Tuimf,324
omahs,20
Sasha Duke,2
Hamza Shafique,33
Aditya Kode,2
julio4,138
Rafael Matias,8
Arun kumar,323
Parithosh Jayanthi,7
Lautaro Emanuel,10194
kayla-henrie,2
Frenzoid,2
JKinc,3
Yaroslav Kukharuk,163
AKABABA-ETH,2
ak88,4111
Carlos Bermudez Porto,680
xiaolou86,14
Marc,561
Alexey Shekhirin,8
4rgon4ut,3
shashank sanket,1840
yanziseeker,22
Pioua,8
dependabot[bot],2
Vehorny,8
Arimionim,110
Taylor Gerring,9
umba,4
vuittont60,6
Guido Vranken,9
Peter Straus,2
Paulus Pärssinen,94
Rohit Ranjan,135
Osakpolor Obaseki,22447
Nate Beauregard,6820
nethermind-machine,560
FatTiger,18
Tomasz Nowak,2
Daniel Kyutae Jung,94
yerke26,480
healthyyyoung,4
bchcoke,14
Alex Bespalov,203
taikoon,4
core-repository-dispatch-app[bot],184
