Tezos,39478
Benjamin Canou,174585
Grégoire Henry,820126
Arthur Breitman,4883
Vincent Bernardoff,109564
Çağdaş Bozman,1072
arthur.breitman@gmail.com,5934
Eitan Chatav,5567
Damian,118
damian,546
Guillem Rieu,2198
Pierre Chambart,7347
Cagdas Bozman,320
OCamlPro-Iguernlala,1875
Mohamed Iguernlala,27
Davide Gessa,4
Alain Mebsout,473011
Milo Davis,35091
Wyatt Sullivan,12
Justin Carter,26
Fabrice Le Fessant,1810
Bayle Shanks,2
Henrik Jonsson,60
Alex Coventry,342
Zhenya Roubinchtein,10
venator,12
GrÃ©goire Henry,4116
Pietro Abate,37286
jevonearth,20
Arthur B,4520
GrÃÂ©goire Henry,893
Bruno B,1386
Pietro,241525
Danilo Bargen,2
Gabriel Alfour,2355
Galfour,3365
bruno,6567
Bruno Bernardo,709
Marco Stronati,314122
Vincent Botbol,20781
Raphaël Proust,1419598
Mathias Bourgoin,132614
Jonathan,8
Fred Yankowski,2
michael,1328
James Deikun,1567
Rob Witoff,2
Pierre Boutillier,1209579
Quyen,929
vbotbol,27
Mathias,811
MBourgoin,3813
Lý Kim Quyên,2914
Chris Martin,8
dbornside,1146
Thomas Gazagnaire,32413
b,5387
Guenther Starnberger,2
James Edwards,8
Daniel Smith,2
Jev Björsell,17
Michael Sproul,2
Scott Scites,4
Nicolas Pinto,14
Joachim Ansorg,10
Ryan Loomba,14
Thomas Blanc,393
utdrmac,2
Sebastien Mondet,191315
lykimquyen,4452
Victor Allombert,116881
Alex Stokes,2
Philippe Bidinger,34861
Raphael Cauderlier,42
Blindripper,91
Julien,34
Julien Tesson,23367
Paul Laforgue,5168
Georges Dupéron,365
jansorg,52
Jun FURUSE,4023
Tom Jack,862
Eugen Zalinescu,59689
phink,9439
Philippe Wang,9160
Dzmitryi Rudkouski,4
Jeremy Bae,5
astefano,579
Ivan Gromakovskii,30
Elliot Cameron,1604
baugr,155
Adrian Brink,2000
Raphaël Cauderlier,646347
Tomáš Zemanovič,67709
rvem,3
Alfie John,118
Philippe B,3965
p,3399
RaphaÃ«l Proust,12
Dan Bornside,234
vbot,319705
Danny,5
João Santos Reis,7
Lazaridis,4
Alexandre Esteves,69
Basile Pesin,30
Ilias Garnier,376201
Keefer Taylor,61
Julien Rolland,766
Konstantin Ivanov,1346
Romain Bardou,1928617
Arvid Jakobsson,2454924
Mehdi Bouaziz,538127
Matthew Bauer,288
Seb Mondet,1278
Lacramioara Astefanoaei,5622
Jerome Chailloux,10
Ilias,737
Victor Dumitrescu,155643
Clément Pascutto,10428
Danny Willems,68831
Johann,56
pasqu4le,209
Danny Grove,269
pietro,34
Sylvain Ribstein,255434
François Thiré,309178
Germán Delbianco,4530
Oliver Simon,10
Yoichi Hirai,2
Mark Karpov,6100
Colin González,1809
Clément Hurlin,84115
Richard Bonichon,61764
Craig Ferguson,8109
Haochen Xie,423
Yves Coriton,6
Jun Furuse,29240
Jacquin Mininger,3068
Ash,5436
Guillaume Claret,2992
Sylvain R,1028
Chaim Lev-Ari,100
Rozovyk Artemiy,2
Vivien Pelletier,235
Moremi Vannak,2
Alvaro Garcia,1123
Yann Regis-Gianas,123426
Lucas Randazzo,140701
Hai Nguyen Van,21350
Daniel JEAN,26
Nic Volanschi,864202
Steve Purcell,380
Kirill Elagin,2
Alexandre Doussot,964
Roman Melnikov,762
Romain,59886
Charles DEHLINGER,34
Alvaro,1138
Rodrigo Quelhas,4
bsall,14476
Vivien,14427
smelc,1611
Julien Debon,28499
Marcin Pastudzki,40588
Ly Kim Quyen,32
Daniel Hines,19567
Sventimir,84517
ChiaChi Tsai,3708
Thomas Letan,1372076
E. Rivas,2
icristescu,3093
Roland C. Dowdeswell,2
Sophia Gold,60364
Charles Dehlinger,81
Robin Bate Boerop,84
Antonio Locascio,26950
marcbeunardeau,3502
Etienne MARAIS,1513
Valentin Chaboche,361553
EduardoRFS,85
yoshihiro503,40
Marge Bot,23059845
Manas,2025
Artemiy,831
David Feuer,64
Rémy El Sibaïe,32664
Diane Gallois-Wong,136153
Albin Coquereau,183042
Peter Duchovni,740
Hoff,88
Pierrick Couderc,495192
Ulrik Strid,10253
prometheansacrifice,323
nraymond,17384
Joel Bjornson,37598
satos---jp,3740
Anton Bachin,694
Fedor Sheremetyev,2335751
Hans Hoglund,12423
Divesh Otwani,4542
Meb,2682
KOBAYASHI Kazuhiro,2390
Matt Walker,1958
Julien Coolen,170552
Konstantinos Sideris,7343
corneliuhoffman,887
Alex Krohg,2
Killian Delarue,3614378
mujx,3575
Jamie @ Nomadic,26
Hugo Heuzard,395862
Jérémie Goldberg,62
Alex Kuprienko,33764
Eugene Mishura,190
Nicolas Ayache,33609
satos,658
Bikal Gurung,2
Dimitris Apostolou,74
YY,707
Karrq,14
Boubacar Sall,41
iguerNL@Functori,93870
David Turner,22307
Zaynah Dargaye,18345
Litchi Pi,2971
David Dumas,2228
zach,19
Frédéric Bour,5
G.B. Fefe,26627
metanivek,3952
Andrea Cerone,131864
Richard Davison,81036
xvw,2726
Thomas Athorne,43916
Ole Krüger,3509586
Timothée Cercueil,146
ngoguey42,2410
Swann Moreau,2715
G.-B. Fefe,169
Mohamed IGUERNLALA,535
Felipe Cardozo,104
Nathan Rebours,86
@sol.lederer,4868
Fardale,70
Solomon Lederer,243186
Mathieu Lirzin,4
Yoshihiro Imai,484
Emma Turner,132246
daniel_nomadic,20
Nicolas Ochem,1083
Thomas Pécseli,7216
Bruno Deferrari,2
Nicolas BACQUEY,15528
Ole Kruger,43
Corneliu Hoffman,12494
Jules Viennot,980
taiseiKMC,4868
sol.lederer,147
Tom Knudsen,2
Edwin Ansari,119
Ding Xiang Fei,1622
Raphael Toledo,7247
X,8622
Shubham Kumar,678
Neo,7979
Frej Soya,389
lin,23849
pecornilleau,52481
Ngoguey42,325
Ovidiu Deac,4056
ovidiu deac,396
lykimq,226142
Sota Sato,5210
Rodi-Can Bozman,44324
martintomazic,560
Zettez,119
Ryan Tan,50960
Soham Chowdhury,17
Ilya Peresadin,25345
Sébastien Palmer,694
Germán Andrés Delbianco,1004
Pierre-Emmanuel CORNILLEAU,856
Martin Tomazic,401008
Lin Oshitani,11
victor-dumitrescu,965
Gauthier SEBILLE,14556
Pavlo Khrystenko,7057
Nicolas Raymond,737
Corentin Méhat,4
ambrona,11333
Pierre-Louis,8730
Hantang Sun,12940
Chris Pinnock,490
Anne-Laure,47639
Gabriel Moise,82972
Marina Polubelova,44378
Miguel Ambrona,13
julien,9526
Nikolay Yakimov,29625
Sandeep.C.R,8025
rodibozman,257
Bruno,20
Alistair O'Brien,4
pikatos,1448
martoon,3620
Diogo Castro,1185
Julien Sagot,190
Felix Puscasu,23053
Dmitry Mir,6
Maxime Levillain,1925
arnaud,2105
Antoine Lanco,595
Sylvain R.,56
Anastasia Courtney,1133
Jason Ridgway-Taylor,321
Igor Matsak,1612
Guillaume B.,1193
Richard Ayotte,6
mattiasdrp,3691
Luciano Freitas,3517
Diana Savatina,6722
saroupille,10413
Maxim Kucherov,10907
Guillaume Bau,1173
Tim McMackin,8
AC,1
Michael Zaikin,17007
mbourgoin,487868
Stepan Naumov,501
adam,210
