obscuren,29518718
vbuterin,13507
Vitalik Buterin,27186
Stephan Tual,2
Joey Zhou,40
Geff Obscura,2
Ramesh Nair,89
Jeffrey Wilcke,7374335
Sam Boyer,19
Gav Wood,7323
James Cunningham,4
Jarrad Hope,147
Maxime Quandalle,6
Maran,38577
Cayman Nava,89
zelig,110769
Alex Cabrera,38
Carl Allendorph,174
Casey Kuhlman,6
Chen Houwu,76
Ben Kirwin,20
Nick Savers,20
Heiko Heiko,69
ethers,178
Ethan Buchman,477622
romanman,139
JoeG,60
Joseph Goulden,1789
Christoph Jentzsch,138909
nicksavers,3
Felix Lange,2095592
caktux,299
Erez Wanderman,146
Thibauld Favre,14
wanderer,32372
martin becze,8948
Marek Kotewicz,30249
Making GitHub Delicious.,1
Viktor Trón,25150
Corey Farwell,58
Taylor Gerring,7663199
Marian OANCΞA,1681
Marian Oancea,6052
Eric Robitaille,77
alon muroch,24
CJentzsch,4444782
Gustav Simonsson,4731291
Paweł Bylica,451196
Lefteris Karapetsas,169
sveneh,1623
aaron,2
winsvega,2073
arkpar,14
Alexandre Van de Sande,491220
Fabian Vogelsteller,4
Matthew Wampler-Doty,22169
=,28
Fefe,4029
zsfelfoldi,89701
aperseghin,16
Kobi Gurkan,116
Bas van Kervel,63848
Péter Szilágyi,3119495
ligi,107
Andy,210
Noel Maersk,5
Daniel A. Nagy,6040
subtly,26
Jason Carver,85
SilentCicero,119
Nick Dodson,10
unknown,39
Fynn,19
Pavol Rusnak,15
Steven Dee,24
Hector Chu,4
Jeff R. Allen,2408
Drake Burroughs,63
Gustav-Simonsson,904
Peter Pratscher,148
Isidoro Ghezzi,2
Prasanna Pendse,31
Ricardo Catalinas Jiménez,2448
Rémy Roy,5
Leif Jurvetson,158
Paulo L F Casaretto,40
Ales Katona,45
Nicholas Johnson,3
Changhoon Lee,6
Fabio Berger,20
Gianfranco Cecconi,4
Obulapathi N Challa,2
Thomas Bocek,74
GitHub,5988895
Yoichi Hirai,24
Justin Clark-Casey,15
Yohann LEON,2
Henning Diedrich,82
Firescar96,48
Nick Johnson,3745
yep,25
Luke Yeager,2
Jordan Cohen,12
☃ Elliot Shepherd,16
Jonathan Brown,1
aron,192
Martin Holst Swende,22324
Benjamin Brent,2
Kenji Siu,51
Zsolt Felfoldi,4239
nolash,186
Shintaro Kaneko,4
tranvictor,2
Victor Farazdagi,1
Vlad,578
Nicolas Guillaume,65
Ali92hm,5
Lewis Marshall,160
Konrad Feldmeier,4
mark.lin,84
Jim McDonald,81
cdetrio,2
am2rican5,9
Egon Elbre,260
rjl493456442,8
Bo Ye,2
ayeowch,2
terasum,2
Yondon Fu,104657
Ernesto del Toro,6
ferhat elmas,16
Fabio Barone,88
Robert Zaremba,5099
Jay Guo,4
Anton Evangelatov,44366
tsarpaul,4
Martin Michlmayr,2
Maximilian Meister,2
Janos Guljas,213044
George Ornbo,4
Sorin Neacsu,8
Armin,3
croath,110
Magicking,1
Guillaume Ballet,61197
Pedro Pombeiro,6
Balint Gabor,68036
b00ris,22
Javier Peletier,48168
Vlad Bokov,2
hydai,10
Domino Valdano,1
hadv,32
Andrey Petrov,309
ethersphere,49340
hackyminer,34
Andrea Franz,12
Elad,1
YaoZengzeng,6
EOS Classic,78
Ferenc Szabo,91
Evgeny Danienko,16
Franklin,22
Adam Schmideg,4
Matthew Halpern,4
Liang Ma,6
Samuel Marks,16
Felföldi Zsolt,7260
soc1c,4
Rafael Matias,7
meows,81
Hao Duan,14
Nicolas Feignon,6
ucwong,6
Gary Rong,142
lightclient@protonmail.com,40
Marius Kjærstad,150
ycyraum,6
