Robert Habermeier,197376
Tomasz Drwięga,2057
GitHub,7484439
Gav,145829
Arkadiy Paronyan,146528
Gav Wood,219188
Sergey Pepyakin,4045
Dmitry Kashitsyn,20
Benjamin Kampmann,136595
Svyatoslav Nikolsky,3853
arkpar,2277
Miguel Mota,4
gguoss,39
chevdor,119
Bastian Köcher,1294186
Stanislav Tkach,74
Sergei Pepyakin,7310
André Silva,15074
Andrew Jones,21
thiolliere,2092
DemiMarie-parity,5295
gabriel klawitter,1
Gavin Wood,238313
ddorgan,496
Kian Peymani,5143
Wei Tang,23
Pierre Krieger,802
Kian Paimani,5545
Fredrik Harrysson,130
David Craven,18
Shawn Tabrizi,1357
Denis P,112
Hernando Castano,214187
Demi Obenour,102
Joshy Orndorff,8
Ashley,3346
Marcio Diaz,98
Max Inden,18
Martin Pugh,48
Bryan Chen,5379
antonio-dropulic,422392
Bernhard Schuster,43
dependabot[bot],264
Chevdor,2820
Mira Ressel,358
alvicsam,1241088
