Tezos,0
Benjamin Canou,5
Grégoire Henry,23
Arthur Breitman,0
Vincent Bernardoff,0
Çağdaş Bozman,0
arthur.breitman@gmail.com,0
Eitan Chatav,3
Damian,0
damian,1
Guillem Rieu,0
Pierre Chambart,0
Cagdas Bozman,0
OCamlPro-Iguernlala,0
Mohamed Iguernlala,3
Davide Gessa,0
Alain Mebsout,0
Milo Davis,1
Wyatt Sullivan,0
Justin Carter,0
Fabrice Le Fessant,0
Bayle Shanks,0
Henrik Jonsson,0
Alex Coventry,0
Zhenya Roubinchtein,0
venator,0
GrÃ©goire Henry,0
Pietro Abate,0
jevonearth,0
Arthur B,0
GrÃÂ©goire Henry,0
Bruno B,2
Pietro,0
Danilo Bargen,0
Gabriel Alfour,0
Galfour,0
bruno,0
Bruno Bernardo,0
Marco Stronati,0
Vincent Botbol,0
Raphaël Proust,72
Mathias Bourgoin,0
Jonathan,0
Fred Yankowski,0
michael,0
James Deikun,0
Rob Witoff,0
Pierre Boutillier,13
Quyen,0
vbotbol,0
Mathias,0
MBourgoin,0
Lý Kim Quyên,0
Chris Martin,0
dbornside,0
Thomas Gazagnaire,1
b,0
Guenther Starnberger,0
James Edwards,0
Daniel Smith,0
Jev Björsell,0
Michael Sproul,0
Scott Scites,0
Nicolas Pinto,0
Joachim Ansorg,0
Ryan Loomba,0
Thomas Blanc,0
utdrmac,0
Sebastien Mondet,0
lykimquyen,0
Victor Allombert,0
Alex Stokes,0
Philippe Bidinger,0
Raphael Cauderlier,0
Blindripper,0
Julien,0
Julien Tesson,0
Paul Laforgue,0
Georges Dupéron,0
jansorg,0
Jun FURUSE,0
Tom Jack,0
Eugen Zalinescu,0
phink,0
Philippe Wang,0
Dzmitryi Rudkouski,0
Jeremy Bae,0
astefano,0
Ivan Gromakovskii,0
Elliot Cameron,0
baugr,0
Adrian Brink,0
Raphaël Cauderlier,5
Tomáš Zemanovič,0
rvem,0
Alfie John,0
Philippe B,0
p,0
RaphaÃ«l Proust,0
Dan Bornside,0
vbot,6
Danny,0
João Santos Reis,0
Lazaridis,0
Alexandre Esteves,0
Basile Pesin,0
Ilias Garnier,6
Keefer Taylor,0
Julien Rolland,0
Konstantin Ivanov,0
Romain Bardou,5
Arvid Jakobsson,15
Mehdi Bouaziz,15
Matthew Bauer,0
Seb Mondet,7
Lacramioara Astefanoaei,1
Jerome Chailloux,0
Ilias,0
Victor Dumitrescu,1
Clément Pascutto,0
Danny Willems,0
Johann,0
pasqu4le,0
Danny Grove,0
pietro,0
Sylvain Ribstein,0
François Thiré,5
Germán Delbianco,0
Oliver Simon,0
Yoichi Hirai,0
Mark Karpov,0
Colin González,0
Clément Hurlin,18
Richard Bonichon,1
Craig Ferguson,0
Haochen Xie,0
Yves Coriton,0
Jun Furuse,0
Jacquin Mininger,0
Ash,0
Guillaume Claret,0
Sylvain R,0
Chaim Lev-Ari,0
Rozovyk Artemiy,0
Vivien Pelletier,0
Moremi Vannak,0
Alvaro Garcia,0
Yann Regis-Gianas,2
Lucas Randazzo,0
Hai Nguyen Van,0
Daniel JEAN,0
Nic Volanschi,0
Steve Purcell,0
Kirill Elagin,0
Alexandre Doussot,0
Roman Melnikov,0
Romain,29
Charles DEHLINGER,0
Alvaro,0
Rodrigo Quelhas,0
bsall,0
Vivien,0
smelc,0
Julien Debon,0
Marcin Pastudzki,0
Ly Kim Quyen,0
Daniel Hines,0
Sventimir,0
ChiaChi Tsai,0
Thomas Letan,0
E. Rivas,0
icristescu,0
Roland C. Dowdeswell,0
Sophia Gold,4
Charles Dehlinger,0
Robin Bate Boerop,0
Antonio Locascio,0
marcbeunardeau,0
Etienne MARAIS,0
Valentin Chaboche,0
EduardoRFS,0
yoshihiro503,0
Marge Bot,8941
Manas,0
Artemiy,0
David Feuer,0
Rémy El Sibaïe,0
Diane Gallois-Wong,0
Albin Coquereau,0
Peter Duchovni,0
Hoff,0
Pierrick Couderc,0
Ulrik Strid,0
prometheansacrifice,0
nraymond,0
Joel Bjornson,0
satos---jp,0
Anton Bachin,0
Fedor Sheremetyev,0
Hans Hoglund,1
Divesh Otwani,0
Meb,0
KOBAYASHI Kazuhiro,0
Matt Walker,0
Julien Coolen,0
Konstantinos Sideris,0
corneliuhoffman,0
Alex Krohg,0
Killian Delarue,0
mujx,0
Jamie @ Nomadic,1
Hugo Heuzard,5
Jérémie Goldberg,0
Alex Kuprienko,0
Eugene Mishura,0
Nicolas Ayache,0
satos,0
Bikal Gurung,0
Dimitris Apostolou,0
YY,0
Karrq,0
Boubacar Sall,0
iguerNL@Functori,0
David Turner,0
Zaynah Dargaye,0
Litchi Pi,0
David Dumas,0
zach,0
Frédéric Bour,0
G.B. Fefe,0
metanivek,0
Andrea Cerone,0
Richard Davison,0
xvw,0
Thomas Athorne,0
Ole Krüger,0
Timothée Cercueil,0
ngoguey42,0
Swann Moreau,0
G.-B. Fefe,0
Mohamed IGUERNLALA,0
Felipe Cardozo,0
Nathan Rebours,0
@sol.lederer,0
Fardale,0
Solomon Lederer,0
Mathieu Lirzin,0
Yoshihiro Imai,0
Emma Turner,0
daniel_nomadic,0
Nicolas Ochem,1
Thomas Pécseli,0
Bruno Deferrari,0
Nicolas BACQUEY,0
Ole Kruger,0
Corneliu Hoffman,0
Jules Viennot,0
taiseiKMC,0
sol.lederer,0
Tom Knudsen,0
Edwin Ansari,0
Ding Xiang Fei,0
Raphael Toledo,0
X,0
Shubham Kumar,0
Neo,1
Frej Soya,0
lin,0
pecornilleau,0
Ngoguey42,0
Ovidiu Deac,0
ovidiu deac,0
lykimq,0
Sota Sato,0
Rodi-Can Bozman,0
martintomazic,0
Zettez,0
Ryan Tan,2
Soham Chowdhury,0
Ilya Peresadin,0
Sébastien Palmer,0
Germán Andrés Delbianco,0
Pierre-Emmanuel CORNILLEAU,0
Martin Tomazic,0
Lin Oshitani,0
victor-dumitrescu,0
Gauthier SEBILLE,0
Pavlo Khrystenko,0
Nicolas Raymond,0
Corentin Méhat,0
ambrona,0
Pierre-Louis,0
Hantang Sun,0
Chris Pinnock,0
Anne-Laure,0
Gabriel Moise,0
Marina Polubelova,0
Miguel Ambrona,0
julien,0
Nikolay Yakimov,0
Sandeep.C.R,0
rodibozman,0
Bruno,0
Alistair O'Brien,0
pikatos,0
martoon,0
Diogo Castro,0
Julien Sagot,0
Felix Puscasu,0
Dmitry Mir,0
Maxime Levillain,0
arnaud,0
Antoine Lanco,0
Sylvain R.,0
Anastasia Courtney,0
Jason Ridgway-Taylor,0
Igor Matsak,0
Guillaume B.,0
Richard Ayotte,0
mattiasdrp,0
Luciano Freitas,0
Diana Savatina,0
saroupille,0
Maxim Kucherov,0
Guillaume Bau,0
Tim McMackin,0
AC,0
Michael Zaikin,0
mbourgoin,0
Stepan Naumov,0
adam,0
