Jordan Millar,971
GitHub,2758
iohk-bors[bot],66
Andreas Triantafyllos,19
Alexander Diemand,183
ksaric,33
Duncan Coutts,643
Rupert Horlick,2
Thomas Winant,77
Jean-Baptiste Giraudeau,190
Marcin Szamotulski,142
Denis Shevchenko,124
Nicholas Clarke,41
Karl Knutsson,47
Kosyrev Serge,914
Alexander Vieth,6
Michael Bishop,19
Samuel Leathers,157
Erik de Castro Lopo,244
Artur Wieczorek,7
Edsko de Vries,3
Rodney Lorrimar,14
oneEdoubleD,3
Luke Nadur,220
Craige McWhirter,9
Mark Stopka,5
Rhys Bartels-Waller,4
Markus,1
Pawel Jakubas,1
Lars Brünjes,1
Moritz Angermann,35
John Lotoski,31
Andrew Westberg,1
kderme,2
KtorZ,6
Kevin Hammond,2
Smaug,1
Pieter Germishuys,1
John Ky,870
Martin Kourim,6
Rob Cohen,7
Philipp Kant,6
CarlosLopezDeLara,25
Jared Corduan,13
Julian Ospald,3
James Browning,3
David Eichmann,21
Yuriy Syrovetskiy,51
Yupanqui,128
Michael Fazio,1
Eduard Sergeev,2
Jimmy Hartzell,1
laplasz,1
Sjoerd Visscher,5
Thomas Diesler,1
MarcFontaine,81
Sasha Bogicevic,1
Wessel Nieboer,3
Matt Ho,1
Tim McGilchrist,5
Alexey Kuleshevich,39
hainq,1
Michael Peyton Jones,9
Vid Kersic,1
Brian W Bush,1
Konstantinos Lambrou-Latreille,3
Richard Marko,1
Arnaud Bailly,2
Sebastian Nagel,10
Divesh Otwani,1
Armando Santos,30
Andrea Bedini,27
Gleb Popov,1
Dimitris Apostolou,1
Nicolas Frisby,8
Javier Sagredo,23
Samuel Evans-Powell,2
Federico Mastellone,154
Robert 'Probie' Offner,5
Michael Karg,127
LaurenceIO,1
dorin100,1
Robin Stumm,13
Olga,1
Jordan,4
Markus Läll,1
Ziyang Liu,4
Cmdv,2
Mateusz Galazyn,80
Nadia Yvette Chambers,43
Damian Nadales,4
Hamish Mackenzie,8
Mark Tullsen,6
Clément Hurlin,72
Alexander Esgen,3
Sean D Gillespie,6
teodanciu,16
Pablo Lamela,68
Baldur Blöndal,3
Lucsanszky,10
Carlos LopezDeLara,1
Yura Lazarev,1
perturbing,2
