obscuren,2963
vbuterin,7
Vitalik Buterin,25
Stephan Tual,1
Joey Zhou,6
Geff Obscura,1
Ramesh Nair,4
Jeffrey Wilcke,1024
Sam Boyer,4
Gav Wood,44
James Cunningham,2
Jarrad Hope,5
Maxime Quandalle,1
Maran,217
Cayman Nava,3
zelig,326
Alex Cabrera,1
Carl Allendorph,2
Casey Kuhlman,1
Chen Houwu,4
Ben Kirwin,2
Nick Savers,2
Heiko Heiko,5
ethers,14
Ethan Buchman,11
romanman,3
JoeG,5
Joseph Goulden,1
Christoph Jentzsch,80
nicksavers,1
Felix Lange,1465
caktux,9
Erez Wanderman,1
Thibauld Favre,1
wanderer,26
martin becze,17
Marek Kotewicz,212
Making GitHub Delicious.,1
Viktor Trón,96
Corey Farwell,5
Taylor Gerring,569
Marian OANCΞA,7
Marian Oancea,25
Eric Robitaille,6
alon muroch,2
CJentzsch,146
Gustav Simonsson,160
Paweł Bylica,17
Lefteris Karapetsas,5
sveneh,12
aaron,1
winsvega,10
arkpar,2
Alexandre Van de Sande,28
Fabian Vogelsteller,2
Matthew Wampler-Doty,5
=,1
Fefe,2
zsfelfoldi,26
aperseghin,3
Kobi Gurkan,9
Bas van Kervel,198
Péter Szilágyi,2229
ligi,6
Andy,6
Noel Maersk,1
Daniel A. Nagy,10
subtly,3
Jason Carver,7
SilentCicero,5
Nick Dodson,5
unknown,1
Fynn,2
Pavol Rusnak,1
Steven Dee,1
Hector Chu,1
Jeff R. Allen,2
Drake Burroughs,1
Gustav-Simonsson,1
Peter Pratscher,1
Isidoro Ghezzi,1
Prasanna Pendse,1
Ricardo Catalinas Jiménez,12
Rémy Roy,3
Leif Jurvetson,4
Paulo L F Casaretto,1
Ales Katona,1
Nicholas Johnson,1
Changhoon Lee,1
Fabio Berger,2
Gianfranco Cecconi,1
Obulapathi N Challa,1
Thomas Bocek,1
GitHub,4479
Yoichi Hirai,2
Justin Clark-Casey,1
Yohann LEON,1
Henning Diedrich,1
Firescar96,1
Nick Johnson,17
yep,3
Luke Yeager,1
Jordan Cohen,1
☃ Elliot Shepherd,1
Jonathan Brown,1
aron,2
Martin Holst Swende,196
Benjamin Brent,1
Kenji Siu,2
Zsolt Felfoldi,24
nolash,1
Shintaro Kaneko,2
tranvictor,1
Victor Farazdagi,1
Vlad,15
Nicolas Guillaume,2
Ali92hm,2
Lewis Marshall,3
Konrad Feldmeier,1
mark.lin,5
Jim McDonald,5
cdetrio,1
am2rican5,1
Egon Elbre,10
rjl493456442,2
Bo Ye,1
ayeowch,1
terasum,1
Yondon Fu,3
Ernesto del Toro,1
ferhat elmas,2
Fabio Barone,1
Robert Zaremba,1
Jay Guo,1
Anton Evangelatov,112
tsarpaul,1
Martin Michlmayr,1
Maximilian Meister,1
Janos Guljas,28
George Ornbo,2
Sorin Neacsu,1
Armin,1
croath,3
Magicking,1
Guillaume Ballet,98
Pedro Pombeiro,1
Balint Gabor,39
b00ris,2
Javier Peletier,10
Vlad Bokov,1
hydai,2
Domino Valdano,1
hadv,4
Andrey Petrov,7
ethersphere,1
hackyminer,2
Andrea Franz,1
Elad,1
YaoZengzeng,1
EOS Classic,3
Ferenc Szabo,1
Evgeny Danienko,1
Franklin,2
Adam Schmideg,1
Matthew Halpern,1
Liang Ma,1
Samuel Marks,4
Felföldi Zsolt,3
soc1c,1
Rafael Matias,1
meows,3
Hao Duan,1
Nicolas Feignon,1
ucwong,1
Gary Rong,5
lightclient@protonmail.com,1
Marius Kjærstad,5
ycyraum,1
