Greg Fitzgerald,1684
GitHub,15685
Jackson Sandland,25
Anatoly Yakovenko,78
Stephen Akridge,28
kwangin,4
rleungx,3
Ankur Srivastava,1
Robert Kelly,20
Raj Gokal,3
Tyera Eulberg,166
Michael Vines,4207
Grimes,1216
sakridge,141
Rob Walker,202
anatoly yakovenko,9
Jack May,26
Sagar Dhawan,5
Mark,6
Eric Williams,1
carllin,3
Pankaj Garg,51
Mark E. Sinclair,5
Dan Albert,4
Eric,1
gitbook-bot,6
Ryan Shea,1
Justin Starry,98
Ryo Onodera,2
Trent Nelson,296
mergify[bot],474
publish-docs.sh,13
Dmitri Makarov,61
Brooks Prumo,5
behzad nouri,80
Sean Young,10
dependabot[bot],1
Tao Zhu,45
Sam Kim,1
kirill lykov,26
steveluscher,18
Steven Luscher,46
Jason,18
yihau,23
HaoranYi,38
Alessandro Decina,2
Yihau Chen,1
Jacob Creech,2
Lijun Wang,12
Andrew Fitzgerald,1
hana,1
Tyera,5
Will Hickey,16
GHA: Update Upstream From Fork,109
