Organizations,2025-04-28
Tor,13332
bitprojects,997
Hetzner,743
Linode,556
Akamai,506
OVH,384
AWS,379
Google,339
Comcast,241
Spectrum,229
Contabo,187
AT&T,144
DigitalOcean,123
Verizon,102
Vodafone,101
Digital,81
Deutsche,77
netcup,62
BIP21,53
Orange,52
Oracle,49
Cox,48
Free,44
ProXad,44
KPN,40
Swisscom,36
MCI,35
JSC,34
CenturyLink,33
Vultr,32
Shaw,32
Sympatico,28
UPC,27
TELUS-FIBRE,26
FTR3,25
Optimum,24
British,23
IONOS,23
Vmcbbuk,22
Ziply,22
Frontier,22
Virgin,20
Microsoft,20
Private,19
Telia,19
ONLINE,18
Rogers,18
RIMA,17
Fastweb,17
De,17
Namecheap,16
Hurricane,16
Kabel,16
Bouygues,15
Odido,15
Hostinger,15
Kornet,14
Sunrise,14
PJSC,14
T-Mobile,14
UAB,13
Aussie,13
Metronet,12
NetCologne,12
Scaleway,12
Freedom,12
LeaseWeb,12
Sonic.net,12
DTAG,11
broadNnet,11
Korea,11
Worldstream,11
Claro,11
TPG,11
DNA,11
TIG,10
CallPlus,10
Videotron,10
Telenet,10
Liberty,10
Road,10
Telstra,10
Sky,10
WorldStream,10
M247,10
Fiber7,10
Midcontinent,9
Secured,9
Exetel,9
Belgacom,9
Sparklight,9
Latitude.sh,9
Consolidated,9
Init7,9
Host,9
General,9
Strato,9
Hong,9
ADSL,9
Interserver,8
iiNet,8
TDS,8
Shinjiru,8
Chunghwa,8
Brasil,8
SK,8
SkyNet,8
RCS,8
The,8
Tele2,8
Cloud,8
Cogeco,8
Chinanet,8
LLC,8
Xpeed,7
South,7
Three,7
UNIFIQUE,7
ReliableSite.Net,7
Hyperoptic,7
JeffColo,7
Windstream,7
PlusNet,7
PT,7
Alibaba.com,7
Leaseweb,7
TekSavvy,7
Alibaba,7
Wideband,6
Telekom,6
XMission,6
Zen,6
INTERBUSINESS,6
TeraSwitch,6
Optus,6
TELEFONICA,6
Zrh1,6
Total,6
HIVELOCITY,6
Telemar,6
Vivacom,6
SpaceX,6
Jazztel,6
DIGI,6
Fuse,6
China,6
Bell,6
Ziggo,6
Tencent,6
PPPoX,6
TT,5
Linksecured,5
Allnodes,5
GLOBALTELEHOST,5
Vocus,5
TalkTalk,5
LIWEST,5
Xtra,5
Sudjam,5
Bahnhof,5
Mediacom,5
Selectel,5
TimeWeb,5
TELUS,5
365,5
Bulgarian,5
Telenor,5
American,5
Altibox,5
A1,5
Stark,4
sunrise,4
Protonmail,4
RCN,4
Quickline,4
KORNET,4
Digi,4
HostPapa,4
OPTAGE,4
Virtual,4
Rica,4
MEDIACOM,4
Wingo,4
Nice,4
Exoscale,4
Hostzealot,4
Etisalat,4
NSS,4
VSE,4
V,4
Informacines,4
Breezeline,4
Hawaiian,4
Aliyun,4
TELEF�NICA,4
BL,4
Hybrid7,4
Astound,4
T-2,4
ISP,4
FORNEX,4
Mega,4
DELTA,4
Stadtwerke,4
Open,4
Magyar,4
SmartApe,4
Omnis,4
Delta,4
Telecom,4
PirxNet,4
Aeza,4
xTom,4
OJSC,4
RCS&RDS,4
City,4
University,4
Cdn77,4
Data,4
VODAFONE,4
Cable,4
Hosting,4
Internet,4
NForce,3
Digitalocean,3
green.ch,3
TriNed,3
SALT,3
Zemlyaniy,3
IP-Connect,3
Universita',3
Triple,3
Infinity,3
Soho9,3
Hargray,3
ORG-GENER,3
Elisa,3
Iliad,3
Gestión,3
PenTeleData,3
Eircom,3
RouterHosting,3
Radiografica,3
Superloop,3
LIDMUG,3
dataforest,3
Akenes,3
1&1,3
Snel.com,3
KAPPER,3
Ting,3
Transip,3
Serious,3
Fibertel,3
TransIP,3
CHINA,3
RackNerd,3
Overkill,3
Belcloud,3
AMX,3
GCL,3
LG,3
HUAWEI,3
Lightning,3
FranTech,3
Wholesail,3
OCN,3
Proton,3
ST-DYNBBAND,3
TELENOR-INTERNET,3
Packet,3
Shrd,3
Atlantic,3
Net,3
T-mobile,3
IT,3
SMART,3
Sony,3
One,3
Limestone,3
Myrepublic,3
Gateway,3
Nova,3
Level,3
Hostkey,3
Homenet,3
WIZ,3
Clouvider,3
Arcor,3
Broadband,3
Giganet,3
Fibia,3
IP,3
MivoCloud,3
Vetta,3
SC,3
3S,3
EUROHOSTER,3
Dynamic,3
Privex,3
France,3
SFR,3
Global,3
Customer,3
MIIT,2
crystal,2
Lightup,2
Ezee,2
Hive,2
Hoppy,2
Andrews,2
LAMARC,2
Mammoth,2
FFTH,2
FASTER,2
Lrtc,2
Us,2
Qwins,2
GENERAL,2
Nuernberg,2
NET,2
Novotelecom,2
Lanta,2
MT,2
Webpass,2
Aruba,2
HostRush,2
Reflected,2
AZ,2
GoDaddy.com,2
EBOX,2
Ncnumericable,2
Brander,2
Onebim,2
Eniig,2
SONIC.NET,2
Alex,2
2COM,2
Tiscali,2
BRConnect,2
Felix,2
SLC,2
WINGO-CUST1B2,2
Afrihost,2
EDPNET,2
Maximilian,2
ENZU,2
DeinServerHost,2
firstcolo,2
Massachusetts,2
Allo,2
Onidel,2
N9uf,2
Lunanode,2
Ote,2
FASTWEB,2
GANDI,2
IQ,2
Start,2
VNET-org,2
MTS,2
CZ.CZNET,2
VegasNAP,2
NetDev,2
UA-Hosting,2
Iron,2
Lucca,2
COMELEC,2
Sitkom,2
VDF,2
AIS,2
Greenlight,2
ASAHI,2
RACKRAY,2
OJS,2
Liwest,2
Carrytel,2
DDoS,2
Cherryservers,2
Tmnet,2
UMTS,2
Solar,2
CryptAPI,2
Bigfella,2
Mempool,2
WIIT,2
Gransy,2
VPS,2
Tmcz,2
Jonas,2
Hunter,2
Clarity,2
BELGACOM,2
Lanet,2
BACLOUD-COM,2
Cablecom,2
SPITwSPOTS,2
Dusseldorf,2
Mediam,2
Brutele,2
Electrum,2
NTT,2
Scientific-Production,2
Protected.CA,2
BIZNET,2
MORNet,2
US,2
myLoc,2
ANX,2
Oneprovider.com,2
Redcluster,2
GigaTux,2
Cableuropa,2
Cipherkey,2
ESA,2
EAC,2
Spark,2
Webmaster,2
EPT,2
WINDTRE,2
Visual,2
Hstk,2
Launtel,2
ONYX,2
Clearwave,2
Hydra,2
Wisconsin,2
Circl,2
Starry,2
XLHost.com,2
Bezeq-,2
ISPpro,2
Myra,2
Multacom,2
InternetoVizija,2
iway,2
Japan,2
Croatian,2
Oxio,2
INFONET,2
KAGOYA,2
PT.,2
Coolhousing,2
ITSOFT,2
Obehosting,2
MCPECloud,2
IPng,2
RoyaleHosting,2
INTERLINK,2
Jump,2
SPD,2
Grande,2
Ownit,2
Pixel,2
North,2
Signet,2
Seflow,2
CJSC,2
O2,2
Doyle,2
Edgeuno,2
Mark,2
ALICLOUD,2
Flex,2
Alberon,2
Smartnet,2
AirVPN.org,2
Choopa,2
GHOSTnet,2
Fornex,2
Energie,2
Future,2
ONO,2
FOP,2
Smithville,2
Royal,2
United,2
NOS,2
ARP,2
Byfly,2
IPAX,2
EE,2
High5!,2
BT,2
Dimension,2
Pe3ny,2
StarHub,2
Cablevision,2
Taylor,2
Massive,1
FastTrack,1
RACKRAY-IV,1
Vivint,1
inexio,1
Hoshin,1
HVEunpyeong,1
Ilia,1
F3,1
Integranet,1
Millicom,1
CNODE,1
Mikrovps,1
Epcan,1
Next,1
Tele,1
Opticom,1
Fibramedios,1
Multinet24,1
TheOnionHost,1
All,1
GIGA,1
SUNLINK,1
Index.hu,1
Cologix,1
BlueVPS,1
Cloudwebmanage,1
VoIP,1
Lyse,1
Marbell,1
Canaca-com,1
Time,1
Digicel,1
BTC,1
Synergetik,1
Airnetworks,1
GCN,1
Lampert,1
French,1
BoxTec,1
CariNet,1
DAOport,1
1TBVPS,1
WideOpenWest,1
QUICKVM,1
Crowe,1
Manquehuenet,1
Superpay,1
Vital,1
SKYNET,1
Hostcircle,1
Netassist,1
Tehno,1
Yaway,1
ViaNet,1
Chase,1
Telematica,1
Union,1
Majestic,1
Elaborate,1
Wideopenwest,1
FILMON.COM,1
Mechanicsville,1
Space,1
SoNo,1
Daedalean,1
Hiawatha,1
tzulo,1
Joink,1
DB,1
Chainalysis,1
SonderCloud,1
BitWeb,1
KDDI,1
ign.cz,1
Vianet,1
IdeaTek,1
Eastlink,1
Myakka,1
Jsciot,1
Gefarapay.com,1
Colton,1
AUTH,1
PROVIDER,1
P.A.K.T,1
Net253,1
EWII,1
Beenet,1
nCloud,1
Bharti,1
StratusIQ,1
3NT,1
Iway,1
COOPERATIVA,1
velia.net,1
Evard,1
VicenikRoute,1
Lit,1
VIANETWORKS,1
BuyVM,1
SUPERLOOP,1
Ftth,1
Nexedi,1
T2,1
Redhosting,1
Fiber,1
AAPT,1
freeLom,1
Christian,1
imos,1
Amanah,1
Mobile,1
None,1
Broadbandenterprise-suite,1
Thurcom,1
ECO,1
Aritmos,1
NC,1
Hi3G,1
Ebox,1
TDC,1
Leaptel,1
TRUE,1
CONECTA,1
Wilmer,1
(ju)iwogseu,1
SachsenGigabit,1
Empire,1
PSINet,1
Lightspeed,1
Portunity,1
Dontechsvyaz,1
Lnvps,1
Saskatchewan,1
More,1
10G.KZ,1
Casema,1
VIVAFIBRA,1
H3A,1
CyberCloud,1
Power,1
Bitfolk,1
Spin,1
Another,1
GA,1
FINEMEDIA,1
NKL,1
INET,1
OU,1
Joint,1
Evolus,1
Web-hosting.com,1
ABSOLUT,1
NORTH,1
702,1
HomeWorks,1
Astuce,1
Quickstream,1
Mattherhorn,1
Discovery,1
Gameserverkings,1
Vida,1
M-net,1
DTS-Online,1
TELUS-HSIA-EDTNABXT,1
Arcadis,1
Vpsfree,1
Cyprus,1
BENESTRA,1
Blackgate,1
HGC,1
GWY,1
Apolo,1
GoNetSpeed,1
Critical,1
FNH,1
Hostvds,1
IPXO,1
TELUS-HSIA-SRRYBC01,1
Kingdom,1
PogoZone,1
INETHD,1
Biznet,1
Atomdata-Innopolis,1
Customers,1
Firstcolo,1
Infoline,1
Summit,1
Bungalski,1
EUNET,1
Asadov,1
Iskratelecom,1
RELATION,1
Ooredoo,1
Noutek,1
Ibred,1
PianetaFibra,1
Fjordane,1
SuomiCommunications,1
Konverto,1
Alexhost,1
Okay,1
Adamo,1
Residential,1
Telefonica,1
Coextro,1
ICCNETWORKS,1
Southern,1
Dilis,1
SOFTBANK,1
Huron,1
serverPool2,1
JM-Net,1
Inetrnational,1
NE,1
Dimensione,1
Binnj,1
DIALOGNET,1
CERTTO,1
Joes,1
Cameron,1
2provide,1
AAISP,1
Auction,1
Medianet,1
Innovisio,1
Gridiron,1
Precision,1
StormWall,1
Plusnet,1
Flyservers,1
CERNET2,1
Addresses,1
a.s.,1
Twin,1
Impact,1
Speednet,1
Finger,1
DTS-Systeme,1
Northeast,1
Therecom,1
Limited,1
Gigacomm,1
TELUS-HSIA-SAMOPQXQ,1
Trans,1
Input,1
Shanghai,1
TELUS-HSIA-SRRYBC02,1
RIMU,1
TVB,1
Voyager,1
AZERTA.RU,1
A2,1
TeleSystemy,1
VOO,1
SaskTel,1
Green,1
CANTV,1
Compañía,1
include7,1
HAL,1
SRT,1
Syd,1
NextGenTel,1
Trooli,1
Canadian,1
Cetindoo,1
B2C,1
Imediabiz,1
CompleteWeb.Net,1
Infolink,1
SIA,1
Garhnet,1
Societe,1
Geir,1
NetDataComm,1
Andrei,1
Groupe,1
Idnet,1
Chinatelecom,1
Luxvps,1
Aleksandr,1
New-Com,1
Net4you,1
Baku,1
Kimberly,1
FairyHosting,1
24HOSTER,1
Openconnexio,1
Aceville,1
TELUS-HSIA-NNIMBC01,1
KarooADSL,1
LDSL-D,1
Mining,1
FAL,1
Pubnetplus,1
www.citynet.at,1
Varnanet,1
Tripleplay,1
TELUS-DSL-EDTNABXY,1
Quicksilver,1
Matrixhome,1
Local,1
Managed,1
zito,1
Viktor,1
Association,1
Denis,1
Finnish,1
Etlgreu,1
KGIX,1
Frankfort,1
tw,1
Bulut,1
TELUS-DSL-STLRAB01,1
EXXOSS,1
INFM-Sede,1
DGW,1
NET1,1
M5,1
DSTORAGE,1
INFOSERVIC,1
Yetnet,1
MasMovil,1
Fastspeed,1
HCN.gr,1
Serverel,1
LQwD,1
Cstudio,1
Tose'h,1
Rustel,1
Superhub,1
YouFibre,1
Joyful,1
Cascade,1
Carol.,1
PP,1
12global.com,1
Condointernet.net,1
USA,1
TW,1
IT7,1
Cytanet,1
NadejdaNet,1
NordNet,1
UCOM,1
Flexwebhosting,1
Surf,1
Ace,1
hosttech,1
Wavecom,1
Infraly,1
Central,1
nemox.net,1
REAL,1
Nuclearfallout,1
Prospero,1
SourceDNS,1
Universe,1
SOFTVIDEO,1
Ethernet,1
Distributel,1
Inovare-Prim,1
GlobeCom,1
Ipv6subscriber,1
ecotel,1
CAT,1
Adsl,1
Reliable,1
Saint,1
Grzegorz,1
Magnacapax,1
Tasman,1
NeptunoMedia,1
Xplore,1
PCextreme,1
TI,1
Hpdc,1
NetSpeed,1
ARTERIA,1
PRIMACOM-HEADENDS,1
Glamour,1
TELUS-DSL-VANCBC01,1
Turk,1
ICC,1
KAB,1
HyperFiber,1
MilkyWan,1
TELUS-HSIA-BUMTAB01,1
Highspeed,1
GMO,1
LightBeam,1
Intelsoft,1
DBC,1
TPP,1
Nexeon,1
Radiolan,1
FR13,1
Exaion,1
Barnes,1
MonkeyBrains,1
WIFEET,1
End,1
GB,1
TVCABO-Portugal,1
DLIVE,1
BreezeHost,1
Vanilla,1
Skoruk,1
Siltel,1
Hellas,1
VPLS,1
Abts,1
Abaco,1
Mike,1
Foxcloud,1
OvO,1
Sudogwongangnambonbujang,1
Micron,1
Smart,1
Qdl110,1
San,1
Team,1
logicsale,1
ACC,1
BM,1
IOMART,1
Town,1
Mitene,1
GET,1
innogy,1
Stargroup,1
Vfnz,1
NT,1
SERCOMTEL,1
Infotech,1
Axiom,1
JACK,1
Pranet,1
BTT,1
Jrcispra,1
Stredni,1
NTTDoCoMo,1
Sat-Trakt,1
Servers,1
Reg.Ru,1
A1.net,1
GLO,1
SPEED-NET,1
Leap,1
Ukrfast,1
Vienna,1
IWS,1
MNET,1
UNINET,1
WebNX,1
FIBIA,1
Encoline,1
Cliente,1
Frankfurt,1
VTR,1
Unus,1
Hut,1
Vt-dynamicpool,1
iNet,1
T,1
Kuroit,1
UK-2,1
Philipp,1
Michael,1
Clients,1
ES,1
Fedko,1
Fonira,1
Alyrica,1
Comstar-Direct,1
Bezeq,1
Arend,1
ropa,1
MEVSPACE,1
Gorge,1
Cluster,1
GMA,1
Steve,1
ByteVirtJP,1
Onyx,1
Northwest,1
mediainvent-NET,1
Wifx,1
Serveriuscustomer,1
FIPD-XTRA,1
WI,1
VOLICO,1
Spirit,1
Neda,1
SolarVPS,1
1984,1
Furiousteam,1
WWW,1
Kazakhtelecom,1
ServerKing,1
iQom,1
DirectVPS,1
Storm,1
Saimanet,1
Yandex.Cloud,1
Tomelloso,1
ETB,1
FDCservers.net,1
John,1
CHEMCOMEX,1
CubedHost-Reseller,1
DATA,1
AURA,1
SEAS-NVE,1
Robert,1
Lyons,1
Clientid5392,1
Navegalo,1
Chatango,1
Vostoktelecom,1
VT-DYNAMICPOOL,1
Suddenlink,1
Xcom,1
PODA,1
Covington,1
Hanyang,1
Rionet,1
Ian,1
RED-RIVER-COMMUNICATIONS,1
Bvnet,1
MyVenyu,1
Stefan,1
Hosteons,1
RVT,1
DJA-NETWORK,1
Rychlý,1
Hivelocity,1
HZ,1
Individual,1
Fiberstate,1
Carphone,1
Occom,1
Telecom.ru,1
Dedicated,1
FlokiNET,1
ScaleEngine,1
connect,1
Meverywhere,1
Cogent,1
Renet,1
Melbikomas,1
Tripnet,1
PCCW,1
OOO,1
SingleHop,1
Kyivstar,1
LightNode-VN,1
Iteam,1
Edutel,1
Glasnet,1
AI1,1
ERTURK,1
Administracion,1
Tribeka,1
Dial,1
Upcro,1
Partner,1
TTC,1
HOSTKEY,1
OnTelecom,1
Advanced,1
Dagomys,1
PRAHA12.com,1
Martin,1
Datacamp,1
uno,1
Gefarapaycom,1
Nechaev,1
Empower,1
Advancedhosters,1
Newsnet,1
Dot-Tech,1
UVT,1
Area,1
VUTBR,1
BBnet,1
TELECOMUNICACIONES,1
Gigaclear,1
TRIOPTIMUM,1
GREEN,1
Telecarrier,1
Webzilla,1
Abelohost,1
National,1
DataSpring,1
Madgenius.com,1
Almira,1
A1si,1
Mass,1
TELEKOM,1
Nelson,1
Xneelo,1
SeedVPS,1
Komskov,1
Frank,1
Nodefield,1
S,1
Cyberlink,1
TeNeT,1
Optilink,1
Online,1
Salzburg,1
GloboTech,1
Columbus,1
TELUS-HSIA,1
P.N.,1
ProfitBricks,1
Nocix,1
Chungbukbonbujang,1
Vietnam,1
OY,1
Clientes,1
CoreSite,1
Vivo,1
Stern,1
Prolixium,1
TOT,1
KeFF,1
Netdrive,1
Truenet,1
Romtelecom,1
Ecuanet,1
Megaline,1
Strada,1
Elion,1
BELGACOM-ADSL1,1
Nos,1
trabia,1
FBB,1
SANTA,1
GLB,1
WEDOS,1
RealHosters.Com,1
Rout,1
CDN77,1
MEMLOG,1
Servers.com,1
Bredband2,1
Moula,1
Swiftway,1
MINET,1
Eureka,1
Casablanca,1
RWTH,1
Copper,1
Snel,1
OXIO,1
smartnet,1
OneAsiaHost,1
Static,1
TELUS-DSL-EDTNABYG,1
Internet4U,1
Sollutium,1
Hostiko,1
RSN,1
Bieber,1
Wide,1
Hannover,1
TDENET,1
Barilink,1
Etihad,1
World,1
Core,1
Wireline,1
Kochi,1
Concepts,1
ELPOL,1
Moravskoslezske,1
NoorIDC4,1
Rackspace,1
Metroset,1
Volta,1
Architectural,1
SERVER.UA,1
Tel-Star,1
Extra,1
Abilitynetworks,1
Gyeonggigwangjujisa,1
KT,1
VIPNET,1
JMDI,1
KomMITT-Ratingen,1
Mid,1
POP,1
Amforc,1
Superonline,1
C,1
Fasthosts,1
InfoWest,1
Ceska,1
anyNode,1
VPSBG,1
Relish,1
Netafy,1
ViaSat,1
Solarus,1
V-node,1
FAUSER,1
Crowncloud,1
Cwru,1
Datalix,1
KnownSRV,1
New,1
Steentjesict,1
Huawei,1
OzarksGo,1
CPE,1
Rackip,1
Lancom,1
myNET,1
Fastcom,1
Layerstack,1
Mvps,1
PRO,1
TELUS-HSIA-CRTYBC01,1
DDR,1
Ceske,1
VUTBR6,1
RTC,1
ServerHouse,1
Brainmill,1
Ticinocom,1
Telezug,1
Network,1
ISI,1
Rosm,1
Exabyte,1
TeliaSonera,1
Hostnet,1
DATAWIRE,1
Metrabyte,1
NAS,1
Uplink,1
QUALITY,1
Hoster,1
Praha12.Net,1
JER,1
SilesNet,1
Melita,1
Intraserv,1
Apfn,1
Rocket,1
PERSONAL,1
ET,1
Astra,1
Suomicom,1
Smith,1
Mountain,1
Embou,1
iptoX,1
Planet,1
Virtutel,1
BitCommand,1
Dynascale,1
Metalink,1
HEG,1
RTCnow,1
Jonathan,1
Michal,1
Rainier,1
Siregar,1
Dalton,1
Netia,1
Bytemark,1
Routit,1
Hub66,1
KMS,1
IgLou,1
Baltkom,1
QuickMeg,1
Dumont,1
F-Solutions,1
DFN,1
AxcelX,1
Dragon,1
HeLi,1
Parbin,1
BIF,1
Carnegie,1
Greendata,1
Gigahost,1
Vocphone,1
Lübke,1
ANTIK,1
X,1
Lidero,1
DA,1
FTTH,1
BACKUP.PL,1
Emirates,1
GlobalTeleHost,1
netrebel,1
Lambda,1
LocalNet,1
Thorsten,1
TETA,1
KMP,1
Korbank,1
In,1
First,1
NEW,1
Hohl,1
Cloud.ru,1
Unitas,1
ARCOR-IP,1
SingNet,1
SWN,1
NetX,1
CyberPC,1
NECOSS,1
Shaun,1
St.,1
Hostup,1
T3,1
NGI,1
CONTENT,1
Systime,1
macminivault,1
Element,1
Triangle,1
GREEN-BACKBONE,1
MVPS,1
Telecable,1
Itparad,1
Worcester,1
Waicore,1
ByteVirt,1
TADU,1
BitFolk,1
Lucidpage,1
ANEXIA,1
Fabrizzio,1
Bilintel,1
GuI,1
Computadoras,1
SPLIUS,1
Maximum-Net,1
31173,1
Candy,1
1337,1
TELUS-DSL-CLGRAB02,1
ANDORRA,1
Keyweb,1
Rychly,1
Magnet,1
Njnetv6,1
Ligga,1
On-line,1
Merkur,1
Awasr,1
Greenhost,1
