Organizations,2026-01-08
Hetzner,106
AWS,49
OVH,44
Contabo,20
Google,20
DigitalOcean,14
Spectrum,14
netcup,9
Comcast,7
Hong,7
TeraSwitch,6
CenturyLink,6
JSC,6
Interserver,5
ProXad,5
AT&T,5
Alibaba.com,5
Thorsten,4
Limestone,4
MCI,4
Latitude.sh,4
Cox,3
Individual,3
China,3
Deutsche,3
Ziply,3
SC,3
UA-Hosting,3
Alibaba,3
Chunghwa,2
The,2
KAGOYA,2
BRSK,2
Start,2
ONLINE,2
Mesi,2
TT,2
Data,2
HUAWEI,2
myLoc,2
British,2
velia.net,2
Pikol,2
crystal,2
Hurricane,2
Private,2
Swisscom,2
Strato,2
Scaleway,2
CryptAPI,2
Wisconsin,2
Vultr,2
Seflow,2
Microsoft,2
1blu,1
Init7,1
Webline-Services,1
Matanuska,1
Wideband,1
Novus,1
BroadbandONE,1
Brandenburg,1
Access,1
FR,1
Pulsant,1
TriNed,1
Privex,1
UPC,1
Korea,1
Consolidated,1
Host,1
Sparklight,1
TekSavvy,1
Heuer,1
Cosmonova,1
Jonaz,1
SALZBURG,1
Kornet,1
Cloud,1
Ivan,1
Optimum,1
GLO,1
One,1
Hoster,1
TELUS-FIBRE,1
Telfort,1
KPN,1
Layer7,1
Reliance,1
Verizon,1
Stage,1
City,1
Datacenter,1
North,1
Frontier,1
Space,1
Power,1
VSE,1
SB,1
Massillon,1
TeliaSonera,1
Vmcbbuk,1
AirVPN.org,1
XSServer,1
Prolixium,1
Free,1
Magticom,1
Southern,1
WildPark,1
Com,1
Inetrnational,1
MEVSPACE,1
UAB,1
FTR3,1
Namecheap,1
Dataekb,1
ALICLOUD,1
Onyx,1
Lillehammer,1
ITGLOBAL.COM,1
Videotron,1
MEGALINE,1
StratusIQ,1
WestPAnet,1
Domain,1
Evolus,1
Cogeco,1
Unitas,1
Sony,1
CHINANET-BACKBONE,1
Citytelecom,1
Aliyun,1
IT,1
MT,1
Solarus,1
Privado,1
Metronet,1
PenTeleData,1
Xneelo,1
Midcontinent,1
GD,1
WideOpenWest,1
Exsilio,1
ab,1
Hostup,1
Hoa,1
innogy,1
Telia,1
CAIW,1
Hosting,1
TalkTalk,1
IONOS,1
Mining,1
Exetel,1
Superhub,1
VPS,1
IdeaTek,1
NForce,1
DO,1
Digital,1
DNA,1
Radishcloud,1
FORNEX,1
Vodafone,1
GigaTux,1
