Organizations,2025-03-28
Hetzner Online GmbH,99
Hetzner,58
Contabo GmbH,33
OVH,31
"OVH Hosting, Inc.",30
"DigitalOcean, LLC",27
"OVH Hosting, Inc",19
OVH GmbH,16
OVH SAS,12
HETZNER-DC,12
Linode,11
AWS EC2 (us-east-1),10
Digital Ocean,10
JSC Selectel,10
OVH US LLC,9
AWS EC2 (ap-southeast-1),8
OVH Ltd,8
OVH ISP,6
TIG,6
Verizon Business,6
AWS EC2 (us-west-2),6
AT&T Corp,6
Worldstream,6
"Comcast Cable Communications, Inc.",5
OVH Sp. z o. o,5
Latitude.sh,5
OVH Australia PTY LTD,5
Thorsten Alteholz Hard- und Software,5
AWS EC2 (eu-central-1),5
MivoCloud SRL,5
Spectrum,4
"Comcast Cable Communications, LLC",4
WorldStream B.V.,4
TeraSwitch Networks Inc,4
UA-Hosting SIA,4
LeaseWeb Netherlands B.V.,4
TimeWeb Ltd,4
Private Customer - AT&T Internet Services,3
Nice IT Services Group Inc.,3
netcup GmbH,3
Sympatico HSE,3
"Namecheap, Inc.",3
"HIVELOCITY, Inc.",3
Oracle Cloud Infrastructure (us-ashburn-1),3
Digital Based System Company Limited,3
Wideband Networks Pty Ltd,3
AWS EC2 (eu-west-1),3
Google Cloud (europe-west2),3
Tor,3
Google Cloud (southamerica-east1),2
Cox Communications,2
Hostinger International Ltd.,2
PE Denis Podolskii,2
velia.net,2
Meverywhere sp. z o.o,2
Input Output Flood LLC,2
Contabo,2
CAT Telecom Public Company Limited,2
Google Cloud (us-east4),2
ITSOFT LLC,2
Akenes,2
"CenturyLink, Inc",2
"Aliyun Computing Co., LTD",2
Google Cloud (asia-southeast2),2
Scaleway,2
OVHTECH R&D (INDIA) PRIVATE LIMITED,2
Aqua Networks,2
AWS EC2 (us-east-2),2
Virtual Systems LLC,2
Hosting technology LTD,2
Lightup Network Solutions,2
"Nanning Youmi Network Technology Co., Ltd",2
Telia Eesti AS,2
Google Cloud (us-west2),2
CryptAPI LLC,2
Init7 (Switzerland) Ltd,2
Nebula Portal Inc,2
Google Cloud (asia-northeast3),2
RackNerd LLC,2
Free,2
Power DC Limited,2
"Interserver, Inc",2
Aussie Broadband Ltd,2
So net JPNIC,2
NETCUP-GMBH,2
Akenes SA,2
BL Networks,2
"Comcast IP Services, L.L.C.",2
ONLINE,2
"Vultr Holdings, LLC",2
Chunghwa Telecom Co. Ltd.,2
GloboTech Communications,2
OVH Singapore PTE. LTD,2
NForce Entertainment B.V,2
AWS EC2 (eu-west-2),2
UpCloud Ltd,2
Datalix,2
IT-adjutor GbR,2
Oneprovider.com,2
Hivelocity Ventures Corp,2
South Park Networks LLC,2
WorldStream B.V,2
TT DOTCOM SDN BHD,2
Deutsche Telekom AG,2
Alibaba.com Singapore E-Commerce Private Limited,2
JSC IOT,2
On-line Data LTD,1
MC Host24,1
Contabo Asia Private LTD,1
ISPIRIA Networks Ltd,1
Gameserverkings,1
Serveriuscustomer,1
"Hoster kg, Ltd.",1
"TeleSystemy Tyumeni, Ltd.",1
broadNnet,1
"Tencent cloud computing (Beijing) Co., Ltd.",1
Btnet,1
FlokiNET ehf,1
Mass Response Service GmbH,1
"HIVELOCITY, Inc",1
Ziply Fiber,1
Wifx SA,1
imos GmbH,1
"Greenlight Networks, LLC",1
Datacenter d.o.o.,1
MEGALINE,1
TELUS-FIBRE-SJPJPQXQ,1
TerraTransit AG,1
GD MASS Network,1
Belcloud LTD,1
Chris Charles,1
SAKURA,1
Shock Hosting LLC,1
iomart Hosting Ltd,1
Privado Networks Amsterdam,1
Japan Network Enabler Corporation,1
GLO Fiber,1
GREEN-BACKBONE,1
Vultr Holdings LLC Amsterdam,1
Alibaba.com LLC,1
Radishcloud Technology LLC,1
"MCI Communications Services, Inc. d/b/a Verizon Business",1
StormWall,1
Mobistar Enterprise Services,1
TDS TELECOM,1
Qwins LTD,1
Hetzner Online AG,1
NTS Communications LLC dba Vexus Fiber,1
"The Constant Company, LLC",1
Hurricane Electric LLC,1
Privex SE1,1
Hostinger,1
Internet Utilities NA LLC,1
PJSC Mobile TeleSystems,1
"TekSavvy Solutions, Inc",1
OVH Hosting Limited,1
Oracle Cloud Infrastructure (sa-santiago-1),1
"PCCW Global, Inc.",1
"Mining Rig Rentals, LLC",1
49.3 Networking LLC,1
RCS & RDS Residential,1
Aeza International LTD,1
PJSC Rostelecom,1
Trequip GmbH,1
Cdn77 PRG POP,1
AxcelX Technologies LLC,1
Digi Spain Telecom S.L,1
TELUS Communications Inc.,1
UPC Magyarorszag Kft.,1
OU Web Hosting Solutions,1
Inetrnational Business Systems S.R.L.,1
KnownSRV Ltd,1
24fire GmbH,1
OVH BV,1
ProfitBricks GmbH,1
Hostiserver Ltd,1
"Linode, LLC",1
Google Cloud (europe-west1),1
Neterra Ltd,1
Private Customer - SBC Internet Services,1
Hydra Communications Ltd,1
Huawei Cloud,1
JSC North-West Telecom (St.Petersburg),1
Madison County Telephone Company,1
MEVSPACE sp. z o.o,1
Microsoft Azure Cloud (canadaeast),1
TELUS-HSIA-SRRYBC01,1
"Level 3, LLC",1
Hosteons Pte. Ltd,1
Foxcloud LLP,1
Balticservers LT Dedicated,1
Ziggo CM,1
Hardy Telecommunications,1
Reliable Communications s.r.o,1
"FILMON.COM, INC.",1
Interconnect Technologies,1
Hurricane Electric,1
Virtuati Tecnologia da Informacao LTDA,1
Kornet,1
Aeza Network Stockholm,1
VPSBG,1
FN Media Sp. z o.o.,1
Ikoula Net SAS,1
Google Fiber Inc,1
Sharktech,1
M247 Ltd Atlanta,1
"SoftLayer Technologies, Inc",1
Privex Sweden,1
"SC ""Lithuanian Radio and TV Center""",1
"PRIVATE JOINT STOCK COMPANY ""DATAGROUP""",1
Microsoft Azure Cloud (uksouth),1
Strato AG,1
UPC Polska Sp. z o.o.,1
"SWITCH, LTD",1
LEASEWEB SINGAPORE PTE. LTD.,1
Oracle Cloud Infrastructure (eu-zurich-1),1
ALICLOUD-US,1
Google Cloud (us-central1),1
Snel,1
FairyHosting,1
Netzdachs FRA1,1
ESTOXY OU,1
WINGO-CUST1B2,1
XSServer GmbH,1
IONOS Inc,1
IONOS CLOUD fra de,1
OVH SYD,1
Christian Th√§ter,1
"TULAROSA COMMUNICATIONS, INC.",1
Sparklight,1
Dataekb,1
Vectra S.A,1
Lyons Communications,1
Icenetworks Ltd,1
RouterHosting LLC,1
Contel OOO,1
"Alibaba (US) Technology Co., Ltd.",1
University of Warsaw,1
Rosm,1
Redcluster LTD,1
DO & CO Restaurants & Catering AG,1
Lunanode Hosting Inc.,1
JSC Datacenter,1
DIRECTPATH,1
Jazztel triple play services,1
freeLom net Lomnice,1
TPG Internet Pty Ltd.,1
JSC North-West Telecom,1
SERDECH,1
Privately owned entrepreneur Vlasenko Nataliya Vitaliivna,1
inexio Informationstechnologie und Telekommunikation Gmbh,1
Komskov Vadim Aleksandrovich,1
Verizon Online LLC,1
Octopusnet LTD,1
"Host Department NJ, LLC",1
Coolhousing s.r.o.,1
Fiber7 740PFA,1
Rogers Cable Inc. PR,1
Fedko Marina,1
Unihost Inc,1
Fiberstate LLC,1
RealHosters.Com,1
FORNEX,1
AZERTA.RU Hosting Solutions,1
DTAG European region,1
Webzilla B.V,1
Frontier Communications Solutions,1
Dynamic Hosting Solutions,1
IROKO Networks Corporation,1
China Unicom Beijing Province Network,1
AWS EC2 (ap-northeast-1),1
Bilrom Bilisim ve Medya Hizmetleri Sanayi ve Ticaret,1
KDDI Hong Kong Ltd,1
"Servers.com, Inc.",1
AOIOT,1
BV Na18,1
GIG.tech N.V,1
Claro NXT Telecomunicacoes Ltda,1
"PSINet, Inc.",1
SKYTECHNOLOGY,1
Servers Tech Fzco,1
"JSC ""ER-Telecom Holding""",1
Coolhousing,1
Vodafone Libertel B.V.,1
Fast Communication Company Ltd,1
CHINA UNICOM China169 Backbone,1
Snel.com B.V.,1
P4 Sp. z o.o,1
"CyberPC Angel, LLC",1
Abdulkadir Yilmaz,1
Celoxo,1
IIJ Internet,1
Empyreum,1
Mvps LTD,1
UAB Cherry Servers,1
UNIFIQUE TELECOMUNICACOES S/A,1
Cipher Operations DOO Beograd - Novi Beograd,1
Limestone Networks,1
PlusNet Plc,1
Powervps Limited,1
DATAWIRE AG,1
DV-Kombinak GmbH,1
Liberty Global B.V.,1
Shaw Communications Inc,1
Synetrix,1
QBB,1
Hostzealot LTD,1
Digitalocean,1
Host Africa (Pty) Ltd,1
Heuer,1
Viettel Corporation,1
IONOS SE,1
"Arrowhead Electric Cooperative, INC",1
Superhub Limited,1
PIN morespecific,1
"Strasmore, Inc.",1
Lien Cloud Technology Company Limited,1
Leaseweb Deutschland GmbH,1
Gefarapaycom,1
DataCamp Limited,1
Orion Telecom LLC,1
Shock,1
Sacwk,1
AT&T Internet Services,1
"BroadbandONE, LLC",1
Tasman Solutions Ltd,1
GLOBALTELEHOST Corp,1
Microsoft Azure Cloud (westeurope),1
Zicom Next Spolka Z Ograniczona Odpowiedzialnoscia,1
Television por Cable Santa Pola SL,1
M247 Ltd Dallas,1
Selectel Ltd.,1
OJSC Rostelecom Voronezh branch Network Operation Center,1
Fiber Networks Services S.A.R.L,1
MivoCloud Solutions SRL,1
Eidacz,1
Cyprus Telecommunications Authority,1
GWY IT PTY LTD,1
Atomdata-Center Xelent,1
Aussie Broadband,1
Contabo Inc,1
3NT SOLUTIONS LLP,1
Unitas Global,1
ProXad network / Free SA,1
BitWeb LLC,1
"CenturyLink Communications, LLC",1
Kontel LLC,1
Ilia Shevyriaev,1
Swiftway IP,1
Odido Netherlands B.V.,1
"Smart Axiata Co., Ltd",1
