obscuren,528
vbuterin,6
Vitalik Buterin,2
Stephan Tual,0
Joey Zhou,0
Geff Obscura,1
Ramesh Nair,1
Jeffrey Wilcke,702
Sam Boyer,0
Gav Wood,5
James Cunningham,1
Jarrad Hope,0
Maxime Quandalle,0
Maran,42
Cayman Nava,1
zelig,25
Alex Cabrera,0
Carl Allendorph,0
Casey Kuhlman,0
Chen Houwu,0
Ben Kirwin,0
Nick Savers,0
Heiko Heiko,0
ethers,1
Ethan Buchman,2
romanman,0
JoeG,1
Joseph Goulden,0
Christoph Jentzsch,30
nicksavers,0
Felix Lange,109
caktux,1
Erez Wanderman,0
Thibauld Favre,0
wanderer,0
martin becze,3
Marek Kotewicz,32
Making GitHub Delicious.,0
Viktor Trón,1
Corey Farwell,0
Taylor Gerring,45
Marian OANCΞA,7
Marian Oancea,2
Eric Robitaille,0
alon muroch,0
CJentzsch,11
Gustav Simonsson,1
Paweł Bylica,5
Lefteris Karapetsas,1
sveneh,0
aaron,0
winsvega,2
arkpar,0
Alexandre Van de Sande,4
Fabian Vogelsteller,0
Matthew Wampler-Doty,1
=,0
Fefe,0
zsfelfoldi,0
aperseghin,0
Kobi Gurkan,0
Bas van Kervel,1
Péter Szilágyi,93
ligi,0
Andy,1
Noel Maersk,0
Daniel A. Nagy,2
subtly,0
Jason Carver,0
SilentCicero,0
Nick Dodson,0
unknown,0
Fynn,0
Pavol Rusnak,0
Steven Dee,0
Hector Chu,0
Jeff R. Allen,0
Drake Burroughs,0
Gustav-Simonsson,1
Peter Pratscher,0
Isidoro Ghezzi,0
Prasanna Pendse,0
Ricardo Catalinas Jiménez,0
Rémy Roy,0
Leif Jurvetson,0
Paulo L F Casaretto,0
Ales Katona,0
Nicholas Johnson,0
Changhoon Lee,0
Fabio Berger,0
Gianfranco Cecconi,0
Obulapathi N Challa,0
Thomas Bocek,0
GitHub,1029
Yoichi Hirai,0
Justin Clark-Casey,0
Yohann LEON,0
Henning Diedrich,0
Firescar96,0
Nick Johnson,0
yep,0
Luke Yeager,0
Jordan Cohen,0
☃ Elliot Shepherd,0
Jonathan Brown,0
aron,0
Martin Holst Swende,0
Benjamin Brent,0
Kenji Siu,0
Zsolt Felfoldi,0
nolash,0
Shintaro Kaneko,0
tranvictor,0
Victor Farazdagi,0
Vlad,0
Nicolas Guillaume,0
Ali92hm,0
Lewis Marshall,0
Konrad Feldmeier,0
mark.lin,0
Jim McDonald,0
cdetrio,0
am2rican5,0
Egon Elbre,0
rjl493456442,0
Bo Ye,0
ayeowch,0
terasum,0
Yondon Fu,1
Ernesto del Toro,0
ferhat elmas,0
Fabio Barone,0
Robert Zaremba,0
Jay Guo,0
Anton Evangelatov,0
tsarpaul,0
Martin Michlmayr,0
Maximilian Meister,0
Janos Guljas,3
George Ornbo,0
Sorin Neacsu,0
Armin,0
croath,0
Magicking,0
Guillaume Ballet,0
Pedro Pombeiro,0
Balint Gabor,1
b00ris,0
Javier Peletier,0
Vlad Bokov,0
hydai,0
Domino Valdano,0
hadv,0
Andrey Petrov,0
ethersphere,0
hackyminer,0
Andrea Franz,0
Elad,0
YaoZengzeng,0
EOS Classic,0
Ferenc Szabo,0
Evgeny Danienko,0
Franklin,0
Adam Schmideg,0
Matthew Halpern,0
Liang Ma,0
Samuel Marks,0
Felföldi Zsolt,0
soc1c,0
Rafael Matias,0
meows,0
Hao Duan,0
Nicolas Feignon,0
ucwong,0
Gary Rong,0
lightclient@protonmail.com,0
Marius Kjærstad,0
ycyraum,0
