Greg Fitzgerald,436753
Jackson Sandland,565
Anatoly Yakovenko,23705
anatoly yakovenko,57690
Stephen Akridge,21286
kwangin,12
rleungx,154
Ankur Srivastava,7
Robert Kelly,6181
sakridge,82075
Raj Gokal,9649
Tyera Eulberg,323519
Rob Kelly,1878
Code Cobain,2004
Michael Vines,661425
Grimes,1076
Ubuntu,16
Hleb Albau,2
Rob Walker,127704
OEM Configuration (temporary user),1242
Pankaj Garg,216217
pgarg66,1331
Martius Lim,47
Kazuyoshi Kato,61
Elisa Rossi,4
Nikhil Saraf,4
dependabot[bot],277094
jackcmay,26021
carllin,166061
Jay Kickliter,9
Carl,6686
Jack May,288175
Sathish,4849
Eric Williams,45886
Eric,610
Sagar Dhawan,31578
Manuel,2033
Sathish Ambley,3928
Mekagoza,3526
Mark,12166
Sbhargava,28
Sunny Gleason,4608
Kevin Hart,164
Jak May,967
Mark E. Sinclair,11264
Dan Albert,59295
Amr Ali,15298
Trent Nelson,76342
dependabot-preview[bot],77526
TristanDebrunner,16916
Justin Starry,556120
jkhawaja11,4
Patrick Amato,2145
Tibi Krisboi,7
Ryan Shea,17959
Parth,5480
Ryo Onodera,36930
b-harvest,2
François Garillot,506
Lazaridis,3
Ryan Zhu,81
Vladimir Komendantskiy,2
HM,116
scriptrunner2049,253
prographo,43
Vadim Grozinok,21
dependabot-buildkite,679
Leopold Schabel,63
Kristofer Peterson,5901
jon-chuang,323
VadimGrznk,321
Reisen,345
Boqin Qin,62
Nick Brown,203
R. M. Shea,1708
Manny,2
mirkamio,2
publish-docs.sh,1078
Aaron Hill,2180
Wei Tang,2
Tom Zakrajsek,2
Josh Kauffman,176
Hendrik Hofstadt,2
behzad nouri,110655
pk,46
Jon Cinque,33554
Dafydd Durairaj,16
Josh,75261
Richard Ayotte,2
Paul,7
Diego Wilson,7
Alexandre Esteves,15
Bartosz Lipinski,270
Juha Vieresjoki,39
kemargrant,2
Lu Guanqun,2
guanqun,41
Alexander Meißner,129819
Vyacheslav Tsurka,147
The Lone Rōnin,355
Son Nguyen,2
DR497,1911
joshua-maros,120
dr497,5
Tommy Johnson,103
kev zettler,234
Yihau Chen,37811
Jeff Washington (jwash),122018
Dillon King,86
Leo,2
mileschet,7
Tom Parker-Shemilt,28
nampdn,4
Stakeconomy.com,24
Brian Long,33
bunghi,14
buburuza27,14
Mrmaxmeier,6
rk-p2p,15
DimAn,4352
calvinzhou-rockx,15
bonsfi,15
sotcsa,15
joeaba,7780
B,328
HowJMay,16
Austin Abell,2
Dmitri Makarov,59669
Ivan Mironov,735
Felipe Lopes,2
rmshea,16
Yang Hau,4
Kasim Te,2
Armani Ferrante,159
Davey,7
bji,4798
Huge,4
steviez,59035
Christian Drappi,324
Brooks Prumo,45788
Connor McFarlane,6
Tao Zhu,42304
Ryan M. Shea,295
strykerin,7
Guillaume Claret,2
Sebastian Bor,256
Ruud van Asseldonk,97
Mark Jackson,9
srinivas valekar,4
Max Block,2
Jordan Sexton,171
Solana Maintainers,1265
Colin Gray,2
Sebastian.Bor,56
Ashwin Sekar,22671
Christian Machacek,59
chaseeb,87
Lijun Wang,29004
Laptev Stanislav,2
Josh Hundley,122
Sebastian Ibarguen,1
Marcin Zawiejski,2
Chris Bellew,8
Ulrich Stark,2
Alexander Polakov,23
Nikita,118
Felipe Lima,4
Alexey Elizarov,114
Tim Hagn,60421
imprfekt,10
oncecsc,2
Lieu Zheng Hong,13
Andreas Brekken,9
xuoe,128
Govlzkoy,27
Arthur Greef,362
Alfonso Subiotto Marques,73
Pierre,621
Haik Dulgarian,212
Sarat Limawongpranee,2
axleiro,2711
hrls,90
Marcel Jackisch,2
Hao-Cher Hong,2
Rohit Narurkar,165
trial123Zel,16
Tiago Carvalho,32
Sean Michael,2
jbiseda,146
Max Ogden,2
s-medvedev,384
GentlemansKiller,8
Kirill Fomichev,1688
Brian Anderson,15599
Jeff Biseda,50651
Yang Li,46
murlux,9
Stephen Peterkins,2
niedhui,2
theonekeyg,992
hugo,38
NearlyAlwaysThere,2
Chris Kalani,12
Oliver,303
0xlucius,2
Alex Harley,87
Brent Fitzgerald,9
Matthew Callens,2
Kenta Iwasaki,24
microwavedcola1,2843
Bryan Ischo,189
Pierre/Long,2
Zahin Mohammad,8
bitkeepwallet,4
Sean Young,2359
tmoc,12
Giles Cope,263
Michael Huang,14
Siong,3
cryptogosu,1059
Drew Taylor,226
Gabriel Castillo,1396
Michael,289
Christian Kamm,1559
visortelle,18
Pavel Strakhov,4947
Furkan KAMACI,68
Christoph Michel,2
underscorepeter,2
Israel Ferrer Camacho,6
Ted Robertson,229
drbh,4
Larry Jarry,40
OleG,2
sgmoore,8
Will Roeder,5731
Elliot Lee,6
Arthur Burkart,22
Slavomir,115
Eugene Lomov,2
yihau,269
Johanna Johansson,1154
Thomas Sauvajon,63
Paul Schaaf,16
Colin Ogoo,687
Matt Wilde,63
Crypto Sheik,28
Bradley D. Thornton,2
Manuel Gil,1930
ryleung-solana,5174
Ryan,181
Blockchain Man,2
Ikko Ashimine,36
Andrei Lebedev,4
Michael Keleti,270
Ben Newhouse,40
Yueh-Hsuan Chiang,19257
Vladimir Guguiev,14
Aiham,2
Benno Fünfstück,79
Steven Luscher,274140
CrazySerGo,2
Anton Lazarev,96
Caio,14
Jarred Nicholls,68
tjshipe,7
fee1-dead,185
Melroy van den Berg,4
Boris Vujicic,68
Alessandro Decina,11380
Steven Czabaniuk,8
Raza,335
Artie Kushner,11
losman0s,132
jdcaballerov,11
mooori,948
segfaultdoctor,1532
Peter Johnson,2
Kardashev,36
Victor Pontis,1390
AMAN VERMA,8
splintred,1
Will Hickey,29554
Ryan Laursen,5
Samuel Oloruntoba,2
Okcan Yasin Saygılı,4
Omar Kilani,137
Arrowana,9
Victor Wu,2
Jacob Creech,75
glihm,4
sethgirvan,6
Sam Kim,6854
samkim-crypto,41313
pieceofr,204
Carl Lin,1124
Noah Prince,89
Evan Conrad,2
Eric Warehime,98
man0s,1083
buffalu,910
filip,4
Radu Pașparugă,57
Steve James,2
Arash,10
tanliwei,6
Haleem Assal,26
Daniel Lopez,2
@mkarots,2
Justin Kat,2
Daniil Okhlopkov,2
Hareesh Nagaraj,8
marty-mcflai,11
wil-se,2
Frank V. Castellucci,30
Charlie You,31
HaoranYi,12303
Anton,2
Richard Patel,3417
Haoran Yi,669
thepalmtrees,2
Daniel Kilimnik,26
SAITO Kosuke,2
Jerry,2
gagliardetto,4
Gavin Chan,171
Masaya Funakoshi,1207
kirill lykov,8290
Bruno,7
alnoki,2
SAITO Kosuke | Coinfra NFT Creator,2
tigarcia,5
Krešimir Klas,46
Mark Percival,89
klykov,1688
SolanaMonkeyBusiness,2
Russell Wong,20
Marc Jaramillo,967
Giorgio Gambino,138
Ashwin Ramaswami,2
Enrique Fynn,13
page18,5
Zayyan Faizal,4
Kirill Lykov,172
g1stavo,4
Edgar Xi,126
Sammy,7
Andrey Frolov,11
steveluscher,165110
stellaw1,209
Felipe Custodio,484
Blaž Hrastnik,10
Noah Gundotra,98622
blake,2
Nico Gründel,11
Bryon M,5
hana,1900
BG Zhu,68
Chao Xu,4
ignassew,2
T.J. Kyner,10
Bijie Zhu,42
Kwan Sohn,101
yung soosh,10
David Mohl,6
Rachael Pai,52
Dennis Antela Martinez,2320
Elliott W,9
arusso-certik,6
Usama Liaquat,2
Jason Davis,700
Matt Green,2
Stella Wang,29
Thomas Pompon,115
Luke,2
abacus-x,2
Kartik Soneji,11
Brennan Gebotys,28
hanako mumei,621
Phil Chen,400
apfitzge,7062
Code Monkey,2
Çelik Köseoğlu,19
Jae-Heon Ji,14
Michael Hess,3
Jason,182
Luke Ingalls,2
wangweiwei,2
Brennan Watt,3058
beeman,18552
wentokay,6
Sohrab,1
ahlee42,2
xiangzhu70,2
Wei Hu,4
sudhir-b,51
ivandzen,422
Dan Coombs,130
godmodegalactus,41
Boqin Qin(秦 伯钦),32
Nicholas Rempel,123
Kunal Desai,146
github-actions[bot],12638
lwus,127
Miles Obare,11
Daniel Chew,43
Greg Cusack,1015
Mark Daniel,2
Nick Rempel,150
Xiang Zhu,3543
Mike MacCana,15
Nicholas Clarke,125
Athar Mohammad,140
Antematter,720
skrrb,186
Lcchy,290
Nick Frostbutter,77335
Xavier59,54
nickfrosty,547
Ahmad,25
Justin Malčić,18
janlegner,205
AJ Taylor,49
Andrew Schonfeld,36
leonardkulms,4
Chris Coudron,4
Kevin Heavey,486
mwrites,2
Florian Hartwig,6
Maximilian Schneider,1265
Piyush Jaiswal,6
James Yan,6
royalrust,12
Ian Macalinao,62
Amit Panghal,71
Varga-Somogyi Ákos,132
Brendan Kirby,6
haoran,782
acheron,256
Abraar,6
Eloy,12
Satyam Bansal,2
Peter Piekarczyk,3
Alexey Skibin,732
Brahma,18
Juan Diego García,8
0xripleys,842
Denis K,79
Sergey Melnychuk,2
Brandon Roberts,20
K-anon,1661
Andrew Fitzgerald,21282
Tyera,23112
eloylp,4347
ananas-block,4676
jon wong,4
Adrian Brzeziński,243
amilz,2
Luca,2
Nico Schapeler,141
Nicholas,2
Mohd. Yahya,6
gr8den,14
Eric Su,36
Brooks,31881
TJDawson10,3114
Kollan House,12
Illia Bobyr,6357
Boqin Qin(秦 伯钦)@MetaSecure,24
Pires,11
Sergey Ukolov,12
Giovanni Napoli,174
nvsriram,57
aditya-solana,2
Wen,5336
valiksinev,530
Kevin Ji,597
Han Yang,762
Brennan,29022
guibescos,12
omahs,58
Proph3t,54
Nick Garfield,35
Kostyan,2
cavemanloverboy,1220
Ikko Eltociear Ashimine,14
Oliver Tušla,2
mvines,84
Julien Catalano,2
Madhav Goyal,4
blackghost1987,78
Jarry Xiao,36
Vide Krajnc,2
Charles Edward Gagnon,2
Eric Semeniuc,5
x19,71
Callum McIntyre,28
Samuel Moelius,5
dboures,77
Dave,9
Saad Talaat,2
ripatel-jump,4
vadorovsky,2740
alpharush,6
Bernie Blume,58
Gopye,6
Tim Garcia,1155
CanardMandarin,2
galactus,1397
Logan Yu,6
pairnon,34
Lucas Steuernagel,9808
ripatel-fd,16
Joe C,1911
Jimii,36
drebaglioni,50
aric,2
Max Kaplan,4
ch9xy,2
Sammy Harris,97
Sanjay Singh,407
Surav Shrestha,2
Nishit Mehta,6
Thomas P,2
Nick Guo,12
Daniel Porteous (dport),2
norwnd,1482
Liam Vovk,33
Sylwester Rąpała,43
hugo-syn,12
Dhruv D Jain,40
joao,38
pandabadger,86
José Corral,126
GoodDaisy,164
Ford,18
chalda,19
Jon C,329
ellttBen,46
edgerunnergit,3
Bork Bork,10
0xF812,1
Sergey Timoshin,20
Outrider,4
nathan haim,201
enjoyoor,30
Michal Rostecki,46
gcmutator,26
GHA: Update Upstream From Fork,351
anwayde,95
Nagaprasad V R,28
听寒,2
WGB5445,10
